key,zh,pinyin,category,en,ja,ko,vi,th,es,basis,status
"bazi:stem:jia","甲","jiǎ","天干","Jia","甲","갑","Giáp","เจีย","Jia","Sino-xenic 定读(ja/ko/vi)+pinyin 通行(en/es)+th 音译或意译；待母语复核","filled"
"bazi:stem:yi","乙","yǐ","天干","Yi","乙","을","Ất","อี้","Yi","Sino-xenic 定读(ja/ko/vi)+pinyin 通行(en/es)+th 音译或意译；待母语复核","filled"
"bazi:stem:bing","丙","bǐng","天干","Bing","丙","병","Bính","ปิ่ง","Bing","Sino-xenic 定读(ja/ko/vi)+pinyin 通行(en/es)+th 音译或意译；待母语复核","filled"
"bazi:stem:ding","丁","dīng","天干","Ding","丁","정","Đinh","ติง","Ding","Sino-xenic 定读(ja/ko/vi)+pinyin 通行(en/es)+th 音译或意译；待母语复核","filled"
"bazi:stem:wu","戊","wù","天干","Wu","戊","무","Mậu","อู้","Wu","Sino-xenic 定读(ja/ko/vi)+pinyin 通行(en/es)+th 音译或意译；待母语复核","filled"
"bazi:stem:ji","己","jǐ","天干","Ji","己","기","Kỷ","จี่","Ji","Sino-xenic 定读(ja/ko/vi)+pinyin 通行(en/es)+th 音译或意译；待母语复核","filled"
"bazi:stem:geng","庚","gēng","天干","Geng","庚","경","Canh","เกิง","Geng","Sino-xenic 定读(ja/ko/vi)+pinyin 通行(en/es)+th 音译或意译；待母语复核","filled"
"bazi:stem:xin","辛","xīn","天干","Xin","辛","신","Tân","ซิน","Xin","Sino-xenic 定读(ja/ko/vi)+pinyin 通行(en/es)+th 音译或意译；待母语复核","filled"
"bazi:stem:ren","壬","rén","天干","Ren","壬","임","Nhâm","เหริน","Ren","Sino-xenic 定读(ja/ko/vi)+pinyin 通行(en/es)+th 音译或意译；待母语复核","filled"
"bazi:stem:gui","癸","guǐ","天干","Gui","癸","계","Quý","กุย","Gui","Sino-xenic 定读(ja/ko/vi)+pinyin 通行(en/es)+th 音译或意译；待母语复核","filled"
"bazi:branch:zi","子","zǐ","地支","Zi","子","자","Tý","จื้อ","Zi","Sino-xenic 定读(ja/ko/vi)+pinyin 通行(en/es)+th 音译或意译；待母语复核","filled"
"bazi:branch:chou","丑","chǒu","地支","Chou","丑","축","Sửu","ฉู่","Chou","Sino-xenic 定读(ja/ko/vi)+pinyin 通行(en/es)+th 音译或意译；待母语复核","filled"
"bazi:branch:yin","寅","yín","地支","Yin","寅","인","Dần","อิน","Yin","Sino-xenic 定读(ja/ko/vi)+pinyin 通行(en/es)+th 音译或意译；待母语复核","filled"
"bazi:branch:mao","卯","mǎo","地支","Mao","卯","묘","Mão","เหมา","Mao","Sino-xenic 定读(ja/ko/vi)+pinyin 通行(en/es)+th 音译或意译；待母语复核","filled"
"bazi:branch:chen","辰","chén","地支","Chen","辰","진","Thìn","เฉิน","Chen","Sino-xenic 定读(ja/ko/vi)+pinyin 通行(en/es)+th 音译或意译；待母语复核","filled"
"bazi:branch:si","巳","sì","地支","Si","巳","사","Tỵ","สื่อ","Si","Sino-xenic 定读(ja/ko/vi)+pinyin 通行(en/es)+th 音译或意译；待母语复核","filled"
"bazi:branch:wu","午","wǔ","地支","Wu","午","오","Ngọ","อู่","Wu","Sino-xenic 定读(ja/ko/vi)+pinyin 通行(en/es)+th 音译或意译；待母语复核","filled"
"bazi:branch:wei","未","wèi","地支","Wei","未","미","Mùi","เว่ย","Wei","Sino-xenic 定读(ja/ko/vi)+pinyin 通行(en/es)+th 音译或意译；待母语复核","filled"
"bazi:branch:shen","申","shēn","地支","Shen","申","신","Thân","เชิน","Shen","Sino-xenic 定读(ja/ko/vi)+pinyin 通行(en/es)+th 音译或意译；待母语复核","filled"
"bazi:branch:you","酉","yǒu","地支","You","酉","유","Dậu","โหย่ว","You","Sino-xenic 定读(ja/ko/vi)+pinyin 通行(en/es)+th 音译或意译；待母语复核","filled"
"bazi:branch:xu","戌","xū","地支","Xu","戌","술","Tuất","ซวิว","Xu","Sino-xenic 定读(ja/ko/vi)+pinyin 通行(en/es)+th 音译或意译；待母语复核","filled"
"bazi:branch:hai","亥","hài","地支","Hai","亥","해","Hợi","ไห่","Hai","Sino-xenic 定读(ja/ko/vi)+pinyin 通行(en/es)+th 音译或意译；待母语复核","filled"
"bazi:wuxing:mu","木","mù","五行","Wood","木","목","Mộc","ไม้","Madera","Sino-xenic 定读(ja/ko/vi)+pinyin 通行(en/es)+th 音译或意译；待母语复核","filled"
"bazi:wuxing:huo","火","huǒ","五行","Fire","火","화","Hỏa","ไฟ","Fuego","Sino-xenic 定读(ja/ko/vi)+pinyin 通行(en/es)+th 音译或意译；待母语复核","filled"
"bazi:wuxing:tu","土","tǔ","五行","Earth","土","토","Thổ","ดิน","Tierra","Sino-xenic 定读(ja/ko/vi)+pinyin 通行(en/es)+th 音译或意译；待母语复核","filled"
"bazi:wuxing:jin","金","jīn","五行","Metal","金","금","Kim","โลหะ","Metal","Sino-xenic 定读(ja/ko/vi)+pinyin 通行(en/es)+th 音译或意译；待母语复核","filled"
"bazi:wuxing:shui","水","shuǐ","五行","Water","水","수","Thủy","น้ำ","Agua","Sino-xenic 定读(ja/ko/vi)+pinyin 通行(en/es)+th 音译或意译；待母语复核","filled"
"tier2:bazi:wuxing:mushenghuo","木生火","mùshēnghuǒ","五行","—","木が火を生じる","목이 화를 생한다","gỗ sinh hỏa","ไม้เกิดไฟ","la madera genera el fuego","五行：汉字文化圈（ja/ko/vi）沿用汉字「木火土金水」原词；th/es 用本民族文化对应概念译出，首见处加括号标注汉字原词。","filled"
"tier2:bazi:wuxing:huoshengtu","火生土","huǒshēngtǔ","五行","—","火が土を生じる","화가 토를 생한다","hỏa sinh thổ","ไฟเกิดดิน","el fuego genera la tierra","五行：汉字文化圈（ja/ko/vi）沿用汉字「木火土金水」原词；th/es 用本民族文化对应概念译出，首见处加括号标注汉字原词。","filled"
"tier2:bazi:wuxing:tushengjin","土生金","tǔshēngjīn","五行","—","土が金を生じる","토가 금을 생한다","thổ sinh kim","ดินเกิดทอง","la tierra genera el metal","五行：汉字文化圈（ja/ko/vi）沿用汉字「木火土金水」原词；th/es 用本民族文化对应概念译出，首见处加括号标注汉字原词。","filled"
"tier2:bazi:wuxing:jinshengshui","金生水","jīnshēngshuǐ","五行","—","金が水を生じる","금이 수를 생한다","kim sinh thủy","ทองเกิดน้ำ","el metal genera el agua","五行：汉字文化圈（ja/ko/vi）沿用汉字「木火土金水」原词；th/es 用本民族文化对应概念译出，首见处加括号标注汉字原词。","filled"
"tier2:bazi:wuxing:shuishengmu","水生木","shuǐshēngmù","五行","—","水が木を生じる","수가 목을 생한다","thủy sinh mộc","น้ำเกิดไม้","el agua genera la madera","五行：汉字文化圈（ja/ko/vi）沿用汉字「木火土金水」原词；th/es 用本民族文化对应概念译出，首见处加括号标注汉字原词。","filled"
"tier2:bazi:wuxing:muketu","木克土","mùkètǔ","五行","—","木が土を制する","목이 토를 극한다","mộc khắc thổ","ไม้ข่มดิน","la madera controla la tierra","五行：汉字文化圈（ja/ko/vi）沿用汉字「木火土金水」原词；th/es 用本民族文化对应概念译出，首见处加括号标注汉字原词。","filled"
"tier2:bazi:wuxing:tukeshui","土克水","tǔkèshuǐ","五行","—","土が水を制する","토가 수를 극한다","thổ khắc thủy","ดินข่มน้ำ","la tierra controla el agua","五行：汉字文化圈（ja/ko/vi）沿用汉字「木火土金水」原词；th/es 用本民族文化对应概念译出，首见处加括号标注汉字原词。","filled"
"tier2:bazi:wuxing:shuikehuo","水克火","shuǐkèhuǒ","五行","—","水が火を制する","수가 화를 극한다","thủy khắc hỏa","น้ำข่มไฟ","el agua controla el fuego","五行：汉字文化圈（ja/ko/vi）沿用汉字「木火土金水」原词；th/es 用本民族文化对应概念译出，首见处加括号标注汉字原词。","filled"
"tier2:bazi:wuxing:huokejin","火克金","huǒkèjīn","五行","—","火が金を制する","화가 금을 극한다","hỏa khắc kim","—","el fuego controla el metal","五行：汉字文化圈（ja/ko/vi）沿用汉字「木火土金水」原词；th/es 用本民族文化对应概念译出，首见处加括号标注汉字原词。","filled"
"tier2:bazi:wuxing:jinkemu","金克木","jīnkèmù","五行","—","金が木を制する","금이 목을 극한다","kim khắc mộc","ทองข่มไม้","el metal controla la madera","五行：汉字文化圈（ja/ko/vi）沿用汉字「木火土金水」原词；th/es 用本民族文化对应概念译出，首见处加括号标注汉字原词。","filled"
"tier2:bazi:wuxing:xiangcheng","相乘","xiāngchéng","五行","—","—","상승","tương thừa","การข่มกันตามวงจร","control excesivo","五行：汉字文化圈（ja/ko/vi）沿用汉字「木火土金水」原词；th/es 用本民族文化对应概念译出，首见处加括号标注汉字原词。","filled"
"tier2:bazi:wuxing:xiangwu","相侮","xiāngwǔ","五行","—","—","상오","tương vũ","การข่มกลับตามวงจร","rebelión","五行：汉字文化圈（ja/ko/vi）沿用汉字「木火土金水」原词；th/es 用本民族文化对应概念译出，首见处加括号标注汉字原词。","filled"
"tier2:bazi:wuxing:muzhugan","木主肝","mùzhǔgān","五行","—","木は肝を主る","목이 간을 주관한다","mộc chủ can","ไม้เป็นประธานของตับ","la madera rige el hígado","五行：汉字文化圈（ja/ko/vi）沿用汉字「木火土金水」原词；th/es 用本民族文化对应概念译出，首见处加括号标注汉字原词。","filled"
"tier2:bazi:wuxing:huozhuxin","火主心","huǒzhǔxīn","五行","—","火は心を主る","화가 심을 주관한다","hỏa chủ tâm","ไฟเป็นประธานของหัวใจ","el fuego rige el corazón","五行：汉字文化圈（ja/ko/vi）沿用汉字「木火土金水」原词；th/es 用本民族文化对应概念译出，首见处加括号标注汉字原词。","filled"
"tier2:bazi:wuxing:tuzhupi","土主脾","tǔzhǔpí","五行","—","土は脾を主る","토가 비를 주관한다","thổ chủ tỳ","ดินเป็นประธานของม้าม","la tierra rige el bazo","五行：汉字文化圈（ja/ko/vi）沿用汉字「木火土金水」原词；th/es 用本民族文化对应概念译出，首见处加括号标注汉字原词。","filled"
"tier2:bazi:wuxing:jinzhufei","金主肺","jīnzhǔfèi","五行","—","金は肺を主る","금이 폐를 주관한다","kim chủ phế","—","el metal rige los pulmones","五行：汉字文化圈（ja/ko/vi）沿用汉字「木火土金水」原词；th/es 用本民族文化对应概念译出，首见处加括号标注汉字原词。","filled"
"tier2:bazi:wuxing:shuizhushen","水主肾","shuǐzhǔshèn","五行","—","—","수가 신을 주관한다","thủy chủ thận","น้ำเป็นประธานของไต","el agua rige los riñones","五行：汉字文化圈（ja/ko/vi）沿用汉字「木火土金水」原词；th/es 用本民族文化对应概念译出，首见处加括号标注汉字原词。","filled"
"tier2:bazi:wuxing:muxinghangye","木行行业","mùxínghángyè","五行","—","木行の職業","목행 업종","ngành nghề hành mộc","อุตสาหกรรมธาตุไม้","industria de la madera","五行：汉字文化圈（ja/ko/vi）沿用汉字「木火土金水」原词；th/es 用本民族文化对应概念译出，首见处加括号标注汉字原词。","filled"
"tier2:bazi:wuxing:huoxinghangye","火行行业","huǒxínghángyè","五行","—","火行の職業","화행 업종","ngành nghề hành hỏa","อุตสาหกรรมธาตุไฟ","industria del fuego","五行：汉字文化圈（ja/ko/vi）沿用汉字「木火土金水」原词；th/es 用本民族文化对应概念译出，首见处加括号标注汉字原词。","filled"
"tier2:bazi:wuxing:tuxinghangye","土行行业","tǔxínghángyè","五行","—","土行の職業","토행 업종","ngành nghề hành thổ","อุตสาหกรรมธาตุดิน","industria de la tierra","五行：汉字文化圈（ja/ko/vi）沿用汉字「木火土金水」原词；th/es 用本民族文化对应概念译出，首见处加括号标注汉字原词。","filled"
"tier2:bazi:wuxing:jinxinghangye","金行行业","jīnxínghángyè","五行","—","金行の職業","금행 업종","ngành nghề hành kim","อุตสาหกรรมธาตุทอง","industria del metal","五行：汉字文化圈（ja/ko/vi）沿用汉字「木火土金水」原词；th/es 用本民族文化对应概念译出，首见处加括号标注汉字原词。","filled"
"tier2:bazi:wuxing:shuixinghangye","水行行业","shuǐxínghángyè","五行","—","水行の職業","수행 업종","ngành nghề hành thủy","อุตสาหกรรมธาตุน้ำ","industria del agua","五行：汉字文化圈（ja/ko/vi）沿用汉字「木火土金水」原词；th/es 用本民族文化对应概念译出，首见处加括号标注汉字原词。","filled"
"bazi:shishen:bijian","比肩","bǐjiān","十神","Friend","比肩","비견","Tỷ Kiến","ปี้เจี้ยน","Compañero","Sino-xenic 定读(ja/ko/vi)+pinyin 通行(en/es)+th 音译或意译；待母语复核","filled"
"bazi:shishen:jiecai","劫财","jiécái","十神","Rob Wealth","劫財","겁재","Kiếp Tài","เจี๋ยไฉ่","Roba Riqueza","Sino-xenic 定读(ja/ko/vi)+pinyin 通行(en/es)+th 音译或意译；待母语复核","filled"
"bazi:shishen:shishen","食神","shíshén","十神","Eating God","食神","식신","Thực Thần","สือเซิน","Dios Comedor","Sino-xenic 定读(ja/ko/vi)+pinyin 通行(en/es)+th 音译或意译；待母语复核","filled"
"bazi:shishen:shangguan","伤官","shāngguān","十神","Hurting Officer","傷官","상관","Thương Quan","ซางกวน","Oficial Dañino","Sino-xenic 定读(ja/ko/vi)+pinyin 通行(en/es)+th 音译或意译；待母语复核","filled"
"bazi:shishen:zhengcai","正财","zhèngcái","十神","Direct Wealth","正財","정재","Chính Tài","จิ้งไฉ่","Riqueza Directa","Sino-xenic 定读(ja/ko/vi)+pinyin 通行(en/es)+th 音译或意译；待母语复核","filled"
"bazi:shishen:piancai","偏财","piāncái","十神","Indirect Wealth","偏財","편재","Thiên Tài","เทียนไฉ่","Riqueza Indirecta","Sino-xenic 定读(ja/ko/vi)+pinyin 通行(en/es)+th 音译或意译；待母语复核","filled"
"bazi:shishen:zhengguan","正官","zhèngguān","十神","Direct Officer","正官","정관","Chính Quan","จิ้งกวน","Oficial Directo","Sino-xenic 定读(ja/ko/vi)+pinyin 通行(en/es)+th 音译或意译；待母语复核","filled"
"bazi:shishen:qisha","七杀","qīshā","十神","Seven Killings","七殺","칠살","Thất Sát","ฉีซา","Siete Asesinatos","Sino-xenic 定读(ja/ko/vi)+pinyin 通行(en/es)+th 音译或意译；待母语复核","filled"
"bazi:shishen:zhengyin","正印","zhèngyìn","十神","Direct Resource","正印","정인","Chính Ấn","จิ้งอิน","Recurso Directo","Sino-xenic 定读(ja/ko/vi)+pinyin 通行(en/es)+th 音译或意译；待母语复核","filled"
"bazi:shishen:pianyin","偏印","piānyìn","十神","Indirect Resource","偏印","편인","Thiên Ấn","เทียนอิน","Recurso Indirecto","Sino-xenic 定读(ja/ko/vi)+pinyin 通行(en/es)+th 音译或意译；待母语复核","filled"
"tier2:bazi:shishen:shangguanjianguan","伤官见官","shāngguānjiànguān","十神","—","傷官が官を見ず","상관이 관을 만난다","thương quan kiến quan","เจ็ดเจ็ดพบเจ็ดเจ็ด","herida al funcionario ve al funcionario","汉字文化圈术语：ja/ko 保留汉字原词、vi 用汉越词、th 音译、es 西语意译（首见处附拼音），待母语复核。","filled"
"tier2:bazi:shishen:shishenzhisha","食神制杀","shíshénzhìshā","十神","—","食神が殺を制す","식신이 살을 제한다","thực thần chế sát","อาหารเทพเจ้าควบคุมเจ็ดเจ็ด","comida del dios controla el asesino","汉字文化圈术语：ja/ko 保留汉字原词、vi 用汉越词、th 音译、es 西语意译（首见处附拼音），待母语复核。","filled"
"tier2:bazi:shishen:guanyinxiangsheng","官印相生","guānyìnxiāngshēng","十神","—","官と印が相生する","관인이 서로 생한다","quan ấn tương sinh","เจ็ดเจ็ดกับตราเกิดร่วมกัน","funcionario y sello se generan mutuamente","汉字文化圈术语：ja/ko 保留汉字原词、vi 用汉越词、th 音译、es 西语意译（首见处附拼音），待母语复核。","filled"
"tier2:bazi:shishen:caiguanshuangmei","财官双美","cáiguānshuāngměi","十神","—","財と官の両美","재관이 쌍미하다","tài quan song mỹ","ทรัพย์และเจ็ดเจ็ดคู่ดี","riqueza y funcionario doblemente hermosos","汉字文化圈术语：ja/ko 保留汉字原词、vi 用汉越词、th 音译、es 西语意译（首见处附拼音），待母语复核。","filled"
"tier2:bazi:shishen:shayinxiangsheng","杀印相生","shāyìnxiāngshēng","十神","—","殺と印が相生する","살인이 서로 생한다","sát ấn tương sinh","เจ็ดเจ็ดกับตราเกิดร่วมกัน","asesino y sello se generan mutuamente","汉字文化圈术语：ja/ko 保留汉字原词、vi 用汉越词、th 音译、es 西语意译（首见处附拼音），待母语复核。","filled"
"tier2:bazi:shishen:bijiezhengcai","比劫争财","bǐjiézhēngcái","十神","—","比劫が財を争う","비겁이 재를 다툰다","tỷ kiếp tranh tài","พี่น้องแย่งทรัพย์","compañeros y ladrones disputan la riqueza","汉字文化圈术语：ja/ko 保留汉字原词、vi 用汉越词、th 音译、es 西语意译（首见处附拼音），待母语复核。","filled"
"tier2:bazi:shishen:shangguanshangjin","伤官伤尽","shāngguānshāngjìn","十神","—","傷官を尽くす","상관이 상진하다","thương quan thương tận","เจ็ดเจ็ดเจ็ดจนหมด","herida al funcionario herida por completo","汉字文化圈术语：ja/ko 保留汉字原词、vi 用汉越词、th 音译、es 西语意译（首见处附拼音），待母语复核。","filled"
"tier2:bazi:shishen:shishenshengcai","食神生财","shíshénshēngcái","十神","—","食神が財を生じる","식신이 재를 생한다","thực thần sinh tài","อาหารเทพเจ้าเกิดทรัพย์","comida del dios genera riqueza","汉字文化圈术语：ja/ko 保留汉字原词、vi 用汉越词、th 音译、es 西语意译（首见处附拼音），待母语复核。","filled"
"tier2:bazi:shishen:yinshouhushen","印绶护身","yìnshòuhùshēn","十神","—","印綬が身を守る","인수가 신을 호위한다","ấn thụ hộ thân","ตราคุ้มครองกาย","sello protege el cuerpo","汉字文化圈术语：ja/ko 保留汉字原词、vi 用汉越词、th 音译、es 西语意译（首见处附拼音），待母语复核。","filled"
"tier2:bazi:shishen:guanshahunza","官杀混杂","guānshāhùnzá","十神","—","官殺が混ざり合う","관살이 혼잡하다","quan sát hỗn tạp","เจ็ดเจ็ดและเจ็ดเจ็ดปนเป","funcionario y asesino mezclados","汉字文化圈术语：ja/ko 保留汉字原词、vi 用汉越词、th 音译、es 西语意译（首见处附拼音），待母语复核。","filled"
"tier2:bazi:shishen:yangrenjiasha","羊刃驾杀","yángrènjiàshā","十神","—","羊刃が殺を駕す","양인이 살을 가하다","dương nhẫn giá sát","ใบมีดแพะควบคุมเจ็ดเจ็ด","hoja de cabra controla el asesino","汉字文化圈术语：ja/ko 保留汉字原词、vi 用汉越词、th 音译、es 西语意译（首见处附拼音），待母语复核。","filled"
"tier2:bazi:shishen:shangguanpeiyin","伤官配印","shāngguānpèiyìn","十神","—","傷官と印を配す","상관이 인을 배하다","thương quan phối ấn","เจ็ดเจ็ดคู่กับตรา","herida al funcionario con sello","汉字文化圈术语：ja/ko 保留汉字原词、vi 用汉越词、th 音译、es 西语意译（首见处附拼音），待母语复核。","filled"
"tier2:bazi:shishen:caixingpoyin","财星破印","cáixīngpòyìn","十神","—","財星が印を破る","재성이 인을 파한다","tài tinh phá ấn","ดาวทรัพย์ทำลายตรา","estrella de la riqueza rompe el sello","汉字文化圈术语：ja/ko 保留汉字原词、vi 用汉越词、th 音译、es 西语意译（首见处附拼音），待母语复核。","filled"
"tier2:bazi:shishen:riguige","日贵格","rìguìgé","十神","—","日貴格","일귀격","nhật quý cách","รูปแบบวันมีเกียรติ","estructura de nobleza del día","汉字文化圈术语：ja/ko 保留汉字原词、vi 用汉越词、th 音译、es 西语意译（首见处附拼音），待母语复核。","filled"
"bazi:shishen:kuigangge","魁罡格","kuígānggé","十神","Kuigang","魁罡","괴강","Khôi Cương","คุยกาง","Kuigang","Sino-xenic 定读(ja/ko/vi)+pinyin 通行(en/es)+th 音译或意译；待母语复核","filled"
"tier2:bazi:shishen:jinyuge","金舆格","jīnyúgé","十神","—","—","금여격","kim dư cách","รูปแบบรถทอง","estructura de carro de metal","汉字文化圈术语：ja/ko 保留汉字原词、vi 用汉越词、th 音译、es 西语意译（首见处附拼音），待母语复核。","filled"
"tier2:bazi:shishen:xuetangge","学堂格","xuétánggé","十神","—","—","학당격","học đường cách","รูปแบบโรงเรียน","estructura de escuela","汉字文化圈术语：ja/ko 保留汉字原词、vi 用汉越词、th 音译、es 西语意译（首见处附拼音），待母语复核。","filled"
"tier2:bazi:shishen:lumatongxiang","禄马同乡","lùmǎtóngxiāng","十神","—","—","록마가 동향하다","lộc mã đồng hương","เงินเดือนและม้าอยู่ในทิศเดียวกัน","sueldo y caballo en la misma tierra","汉字文化圈术语：ja/ko 保留汉字原词、vi 用汉越词、th 音译、es 西语意译（首见处附拼音），待母语复核。","filled"
"tier2:bazi:shishen:tianganwuhe","天干五合","tiāngānwǔhé","十神","—","—","천간 오합","thiên can ngũ hợp","ห้าการรวมตัวของลำต้น","cinco uniones de los tallos celestes","汉字文化圈术语：ja/ko 保留汉字原词、vi 用汉越词、th 音译、es 西语意译（首见处附拼音），待母语复核。","filled"
"tier2:bazi:shishen:jiajihe","甲己合","jiǎjǐhé","十神","—","—","갑기가 합하다","giáp kỷ hợp","การรวมตัวของเจียและจี๋","unión de Jia y Ji","汉字文化圈术语：ja/ko 保留汉字原词、vi 用汉越词、th 音译、es 西语意译（首见处附拼音），待母语复核。","filled"
"tier2:bazi:shishen:yigenghe","乙庚合","yǐgēnghé","十神","—","—","을경이 합하다","ất canh hợp","การรวมตัวของอี๋และเกิง","unión de Yi y Geng","汉字文化圈术语：ja/ko 保留汉字原词、vi 用汉越词、th 音译、es 西语意译（首见处附拼音），待母语复核。","filled"
"tier2:bazi:shishen:bingxinhe","丙辛合","bǐngxīnhé","十神","—","—","병신이 합하다","bính tân hợp","การรวมตัวของปิงและซิน","unión de Bing y Xin","汉字文化圈术语：ja/ko 保留汉字原词、vi 用汉越词、th 音译、es 西语意译（首见处附拼音），待母语复核。","filled"
"tier2:bazi:shishen:dingranhe","丁壬合","dīngránhé","十神","—","—","정임이 합하다","đinh nhâm hợp","การรวมตัวของติงและเหริน","unión de Ding y Ren","汉字文化圈术语：ja/ko 保留汉字原词、vi 用汉越词、th 音译、es 西语意译（首见处附拼音），待母语复核。","filled"
"tier2:bazi:shishen:wuguihe","戊癸合","wùguǐhé","十神","—","—","무계가 합하다","vũ quý hợp","การรวมตัวของอู่และกุ้ย","unión de Wu y Gui","汉字文化圈术语：ja/ko 保留汉字原词、vi 用汉越词、th 音译、es 西语意译（首见处附拼音），待母语复核。","filled"
"ziwei:star:ziwei","紫微","zǐwēi","紫微星曜","Ziwei","紫微","자미","Tử Vi","จื่อเหวย","Ziwei","Sino-xenic 定读(ja/ko/vi)+pinyin 通行(en/es)+th 音译或意译；待母语复核","filled"
"ziwei:star:tianji","天机","tiānjī","紫微星曜","Tianji","天機","천기","Thiên Cơ","เทียนจี","Tianji","Sino-xenic 定读(ja/ko/vi)+pinyin 通行(en/es)+th 音译或意译；待母语复核","filled"
"ziwei:star:taiyang","太阳","tàiyáng","紫微星曜","Taiyang (Sun)","太陽","태양","Thái Dương","ไท่หยาง","Taiyang (Sol)","Sino-xenic 定读(ja/ko/vi)+pinyin 通行(en/es)+th 音译或意译；待母语复核","filled"
"ziwei:star:wuqu","武曲","wǔqū","紫微星曜","Wuqu","武曲","무곡","Vũ Khúc","อู่ฉวี้","Wuqu","Sino-xenic 定读(ja/ko/vi)+pinyin 通行(en/es)+th 音译或意译；待母语复核","filled"
"ziwei:star:tiantong","天同","tiāntóng","紫微星曜","Tiantong","天同","천동","Thiên Đồng","เทียนถง","Tiantong","Sino-xenic 定读(ja/ko/vi)+pinyin 通行(en/es)+th 音译或意译；待母语复核","filled"
"ziwei:star:lianzhen","廉贞","liánzhēn","紫微星曜","Lianzhen","廉貞","염정","Liêm Trinh","เหลียนเจิ้น","Lianzhen","Sino-xenic 定读(ja/ko/vi)+pinyin 通行(en/es)+th 音译或意译；待母语复核","filled"
"ziwei:star:tianfu","天府","tiānfǔ","紫微星曜","Tianfu","天府","천부","Thiên Phủ","เทียนฝู่","Tianfu","Sino-xenic 定读(ja/ko/vi)+pinyin 通行(en/es)+th 音译或意译；待母语复核","filled"
"ziwei:star:taiyin","太阴","tàiyīn","紫微星曜","Taiyin (Moon)","太陰","태음","Thái Âm","ไท่อิน","Taiyin (Luna)","Sino-xenic 定读(ja/ko/vi)+pinyin 通行(en/es)+th 音译或意译；待母语复核","filled"
"ziwei:star:tanlang","贪狼","tānláng","紫微星曜","Tanlang","貪狼","탐랑","Tham Lang","ทานหลาง","Tanlang","Sino-xenic 定读(ja/ko/vi)+pinyin 通行(en/es)+th 音译或意译；待母语复核","filled"
"ziwei:star:jumen","巨门","jùmén","紫微星曜","Jumen","巨門","거문","Cự Môn","จวี้เหมิน","Jumen","Sino-xenic 定读(ja/ko/vi)+pinyin 通行(en/es)+th 音译或意译；待母语复核","filled"
"ziwei:star:tianxiang","天相","tiānxiàng","紫微星曜","Tianxiang","天相","천상","Thiên Tướng","เทียนเซี่ยง","Tianxiang","Sino-xenic 定读(ja/ko/vi)+pinyin 通行(en/es)+th 音译或意译；待母语复核","filled"
"ziwei:star:tianliang","天梁","tiānliáng","紫微星曜","Tianliang","天梁","천량","Thiên Lương","เทียนเหลียง","Tianliang","Sino-xenic 定读(ja/ko/vi)+pinyin 通行(en/es)+th 音译或意译；待母语复核","filled"
"ziwei:star:qisha","七杀","qīshā","紫微星曜","Seven Killings","七殺","칠살","Thất Sát","ฉีซา","Siete Asesinatos","Sino-xenic 定读(ja/ko/vi)+pinyin 通行(en/es)+th 音译或意译；待母语复核","filled"
"ziwei:star:pojun","破军","pòjūn","紫微星曜","Pojun","破軍","파군","Phá Quân","โพจวิน","Pojun","Sino-xenic 定读(ja/ko/vi)+pinyin 通行(en/es)+th 音译或意译；待母语复核","filled"
"ziwei:star:zuofu","左辅","zuǒfǔ","紫微星曜","Zuofu","左輔","좌보","Tả Phụ","จั่วฝู่","Zuofu","Sino-xenic 定读(ja/ko/vi)+pinyin 通行(en/es)+th 音译或意译；待母语复核","filled"
"ziwei:star:youbi","右弼","yòubì","紫微星曜","Youbi","右弼","우필","Hữu Bật","โยวปี้","Youbi","Sino-xenic 定读(ja/ko/vi)+pinyin 通行(en/es)+th 音译或意译；待母语复核","filled"
"ziwei:star:wenchang","文昌","wénchāng","紫微星曜","Wenchang","文昌","문창","Văn Xương","เหวินชาง","Wenchang","Sino-xenic 定读(ja/ko/vi)+pinyin 通行(en/es)+th 音译或意译；待母语复核","filled"
"ziwei:star:wenqu","文曲","wénqǔ","紫微星曜","Wenqu","文曲","문곡","Văn Khúc","เหวินชวี้","Wenqu","Sino-xenic 定读(ja/ko/vi)+pinyin 通行(en/es)+th 音译或意译；待母语复核","filled"
"ziwei:star:tiankui","天魁","tiānkuí","紫微星曜","Tiankui","天魁","천괴","Thiên Khuê","เทียนคุย","Tiankui","Sino-xenic 定读(ja/ko/vi)+pinyin 通行(en/es)+th 音译或意译；待母语复核","filled"
"ziwei:star:tianyue","天钺","tiānyuè","紫微星曜","Tianyue","天鉞","천월","Thiên Việt","เทียนเยว่","Tianyue","Sino-xenic 定读(ja/ko/vi)+pinyin 通行(en/es)+th 音译或意译；待母语复核","filled"
"ziwei:star:lucun","禄存","lùcún","紫微星曜","Lucun","祿存","녹존","Lộc Tồn","ลู่ชุน","Lucun","Sino-xenic 定读(ja/ko/vi)+pinyin 通行(en/es)+th 音译或意译；待母语复核","filled"
"ziwei:star:tianma","天马","tiānmǎ","紫微星曜","Tianma","天馬","천마","Thiên Mã","เทียนหม่า","Tianma","Sino-xenic 定读(ja/ko/vi)+pinyin 通行(en/es)+th 音译或意译；待母语复核","filled"
"ziwei:star:qingyang","擎羊","qíngyáng","紫微星曜","Qingyang","擎羊","경양","Kình Dương","ชิงหยาง","Qingyang","Sino-xenic 定读(ja/ko/vi)+pinyin 通行(en/es)+th 音译或意译；待母语复核","filled"
"ziwei:star:tuoluo","陀罗","tuóluó","紫微星曜","Tuoluo","陀羅","타라","Đà La","ถัวลัว","Tuoluo","Sino-xenic 定读(ja/ko/vi)+pinyin 通行(en/es)+th 音译或意译；待母语复核","filled"
"ziwei:star:huoxing","火星","huǒxīng","紫微星曜","Huoxing (Mars)","火星","화성","Hỏa Tinh","หัวซิง","Huoxing (Marte)","Sino-xenic 定读(ja/ko/vi)+pinyin 通行(en/es)+th 音译或意译；待母语复核","filled"
"ziwei:star:lingxing","铃星","língxīng","紫微星曜","Lingxing","鈴星","영성","Linh Tinh","หลิงซิง","Lingxing","Sino-xenic 定读(ja/ko/vi)+pinyin 通行(en/es)+th 音译或意译；待母语复核","filled"
"ziwei:star:dikong","地空","dìkōng","紫微星曜","Dikong","地空","지공","Địa Không","ตี้คง","Dikong","Sino-xenic 定读(ja/ko/vi)+pinyin 通行(en/es)+th 音译或意译；待母语复核","filled"
"ziwei:star:dijie","地劫","dìjié","紫微星曜","Dijie","地劫","지격","Địa Kiếp","ตี้เจี้ย","Dijie","Sino-xenic 定读(ja/ko/vi)+pinyin 通行(en/es)+th 音译或意译；待母语复核","filled"
"ziwei:star:tianxing","天刑","tiānxíng","紫微星曜","—","—","—","—","—","—","汉字文化圈术语：ja/ko 保留汉字原词、vi 用汉越词、th 音译、es 西语意译（首见处附拼音），待母语复核。","filled"
"ziwei:star:tianyao","天姚","tiānyáo","紫微星曜","—","—","—","—","—","—","汉字文化圈术语：ja/ko 保留汉字原词、vi 用汉越词、th 音译、es 西语意译（首见处附拼音），待母语复核。","filled"
"ziwei:star:hongluan","红鸾","hóngluán","紫微星曜","Hongluan","紅鸞","홍란","Hồng Loan","หงหลวน","Hongluan","Sino-xenic 定读(ja/ko/vi)+pinyin 通行(en/es)+th 音译或意译；待母语复核","filled"
"ziwei:star:tianxi","天喜","tiānxǐ","紫微星曜","Tianxi (Sky Joy)","天喜","천희","Thiên Hỷ","เทียนซี","Tianxi (Alegría celeste)","Sino-xenic 定读(ja/ko/vi)+pinyin 通行(en/es)+th 音译或意译；待母语复核","filled"
"ziwei:star:guchen","孤辰","gūchén","紫微星曜","Solitude Star","孤辰","고진","Cô Thần","กูเฉิน","Estrella de la soledad","Sino-xenic 定读(ja/ko/vi)+pinyin 通行(en/es)+th 音译或意译；待母语复核","filled"
"ziwei:star:guasu","寡宿","guǎsù","紫微星曜","Widowhood Star","寡宿","과수","Quả Tú","กวาซิ่ว","Estrella de la viudez","Sino-xenic 定读(ja/ko/vi)+pinyin 通行(en/es)+th 音译或意译；待母语复核","filled"
"tier2:ziwei:star:tianxu","天虚","tiānxū","紫微星曜","—","—","천허","thiên hư","ความว่างเปล่าของสวรรค์","vacío celestial","汉字文化圈术语：ja/ko 保留汉字原词、vi 用汉越词、th 音译、es 西语意译（首见处附拼音），待母语复核。","filled"
"tier2:ziwei:star:tiangui","天贵","tiānguì","紫微星曜","—","—","천귀","thiên quý","เกียรติยศของสวรรค์","nobleza celestial","汉字文化圈术语：ja/ko 保留汉字原词、vi 用汉越词、th 音译、es 西语意译（首见处附拼音），待母语复核。","filled"
"tier2:ziwei:star:enguang","恩光","ēnguāng","紫微星曜","—","—","은광","ân quang","แสงแห่งพระคุณ","luz de la gracia","汉字文化圈术语：ja/ko 保留汉字原词、vi 用汉越词、th 音译、es 西语意译（首见处附拼音），待母语复核。","filled"
"ziwei:star:tiankong","天空","tiānkōng","紫微星曜","—","—","—","—","—","—","汉字文化圈术语：ja/ko 保留汉字原词、vi 用汉越词、th 音译、es 西语意译（首见处附拼音），待母语复核。","filled"
"ziwei:star:hualu","化禄","huàlù","紫微星曜","Hualu","化祿","화록","Hóa Lộc","ฮัวลก","Hualu","Sino-xenic 定读(ja/ko/vi)+pinyin 通行(en/es)+th 音译或意译；待母语复核","filled"
"ziwei:star:huaquan","化权","huàquán","紫微星曜","Huaquan","化權","화권","Hóa Quyền","ฮัวเชวน","Huaquan","Sino-xenic 定读(ja/ko/vi)+pinyin 通行(en/es)+th 音译或意译；待母语复核","filled"
"ziwei:star:huake","化科","huàkē","紫微星曜","Huake","化科","화과","Hóa Khoa","ฮัวเค","Huake","Sino-xenic 定读(ja/ko/vi)+pinyin 通行(en/es)+th 音译或意译；待母语复核","filled"
"ziwei:star:huaji","化忌","huàjì","紫微星曜","Huaji","化忌","화기","Hóa Kỵ","ฮัวกี้","Huaji","Sino-xenic 定读(ja/ko/vi)+pinyin 通行(en/es)+th 音译或意译；待母语复核","filled"
"tier2:ziwei:star:junchenqinghui","君臣庆会","jūnchénqìnghuì","紫微星曜","—","—","군신경회","quân thần khánh hội","การเฉลิมฉลองของกษัตริย์และขุนนาง","reunión festiva de señor y ministro","汉字文化圈术语：ja/ko 保留汉字原词、vi 用汉越词、th 音译、es 西语意译（首见处附拼音），待母语复核。","filled"
"tier2:ziwei:star:jixiangliming","极向离明","jíxiànglímíng","紫微星曜","—","—","극향리명","cực hướng ly minh","ขั้วชี้ไปทางทิศใต้","extremo orientado hacia la claridad","汉字文化圈术语：ja/ko 保留汉字原词、vi 用汉越词、th 音译、es 西语意译（首见处附拼音），待母语复核。","filled"
"tier2:ziwei:star:zifutonggong","紫府同宫","zǐfǔtónggōng","紫微星曜","—","—","자부가 동궁하다","tử phủ đồng cung","จื่อฝู่อยู่ในตำราเดียวกัน","Ziwei y Tianfu en la misma palanca","汉字文化圈术语：ja/ko 保留汉字原词、vi 用汉越词、th 音译、es 西语意译（首见处附拼音），待母语复核。","filled"
"tier2:ziwei:star:shapolang","杀破狼","shāpòláng","紫微星曜","—","—","살파랑","sát phá lang","เจ็ดเจ็ด พัวจวิน หลาง","asesino, destructor y lobo","汉字文化圈术语：ja/ko 保留汉字原词、vi 用汉越词、th 音译、es 西语意译（首见处附拼音），待母语复核。","filled"
"tier2:ziwei:star:jiyuetongliang","机月同梁","jīyuètóngliáng","紫微星曜","—","—","기월동량","cơ nguyệt đồng lương","จี๋ เหย๋ ตง เหลียง","Ji, Luna, Tong y Liang","汉字文化圈术语：ja/ko 保留汉字原词、vi 用汉越词、th 音译、es 西语意译（首见处附拼音），待母语复核。","filled"
"tier2:ziwei:star:juritonggong","巨日同宫","jùrìtónggōng","紫微星曜","—","—","—","cự nhật đồng cung","จู๋ รื่อ อยู่ในตำราเดียวกัน","Ju y Sol en la misma palanca","汉字文化圈术语：ja/ko 保留汉字原词、vi 用汉越词、th 音译、es 西语意译（首见处附拼音），待母语复核。","filled"
"tier2:ziwei:star:rizhaoleimen","日照雷门","rìzhàoléimén","紫微星曜","—","—","일조뢰문","nhật chiếu lôi môn","ดวงอาทิตย์ส่องประตูฟ้าร้อง","sol iluminando la puerta del trueno","汉字文化圈术语：ja/ko 保留汉字原词、vi 用汉越词、th 音译、es 西语意译（首见处附拼音），待母语复核。","filled"
"tier2:ziwei:star:yueshenghangcang","月生沧海","yuèshēnghāngcāng","紫微星曜","—","—","월생창해","nguyệt sinh thanh hải","ดวงจันทร์เกิดในมหาสมุทร","luna alumbrando el mar profundo","汉字文化圈术语：ja/ko 保留汉字原词、vi 用汉越词、th 音译、es 西语意译（首见处附拼音），待母语复核。","filled"
"ziwei:star:huotange","火贪格","huǒtāngé","紫微星曜","—","—","—","—","—","—","汉字文化圈术语：ja/ko 保留汉字原词、vi 用汉越词、th 音译、es 西语意译（首见处附拼音），待母语复核。","filled"
"tier2:ziwei:star:matoudaijian","马头带箭","mǎtóudàijiàn","紫微星曜","—","—","마두대전","mã đầu đái tiễn","หัวม้าพร้อมลูกศร","cabeza de caballo con flecha","汉字文化圈术语：ja/ko 保留汉字原词、vi 用汉越词、th 音译、es 西语意译（首见处附拼音），待母语复核。","filled"
"tier2:ziwei:star:shizhongyinyu","石中隐玉","shízhōngyǐnyù","紫微星曜","—","—","석중은옥","thạch trung ẩn ngọc","หยกซ่อนในหิน","joya oculta en la piedra","汉字文化圈术语：ja/ko 保留汉字原词、vi 用汉越词、th 音译、es 西语意译（首见处附拼音），待母语复核。","filled"
"tier2:ziwei:star:ziweimiaowang","紫微庙旺","zǐwēimiàowàng","紫微星曜","—","—","자미가 묘왕하다","tử vi miếu vượng","จื่อเว่ยอยู่ในตำราและรุ่งเรือง","Ziwei en templo próspero","汉字文化圈术语：ja/ko 保留汉字原词、vi 用汉越词、th 音译、es 西语意译（首见处附拼音），待母语复核。","filled"
"tier2:ziwei:star:taiyangmiaowang","太阳庙旺","tàiyángmiàowàng","紫微星曜","—","—","태양이 묘왕하다","thái dương miếu vượng","ดวงอาทิตย์อยู่ในตำราและรุ่งเรือง","Sol en templo próspero","汉字文化圈术语：ja/ko 保留汉字原词、vi 用汉越词、th 音译、es 西语意译（首见处附拼音），待母语复核。","filled"
"tier2:ziwei:star:wuqumiaowang","武曲庙旺","wǔqūmiàowàng","紫微星曜","—","—","무곡이 묘왕하다","vũ khúc miếu vượng","อู่ฉู่อยู่ในตำราและรุ่งเรือง","Wuqu en templo próspero","汉字文化圈术语：ja/ko 保留汉字原词、vi 用汉越词、th 音译、es 西语意译（首见处附拼音），待母语复核。","filled"
"tier2:ziwei:star:taiyinmiaowang","太阴庙旺","tàiyīnmiàowàng","紫微星曜","—","—","태인이 묘왕하다","thái âm miếu vượng","ไทอิ่นอยู่ในตำราและรุ่งเรือง","Luna en templo próspero","汉字文化圈术语：ja/ko 保留汉字原词、vi 用汉越词、th 音译、es 西语意译（首见处附拼音），待母语复核。","filled"
"tier2:ziwei:star:tiantongmiaowang","天同庙旺","tiāntóngmiàowàng","紫微星曜","—","—","천동이 묘왕하다","thiên đồng miếu vượng","เทียนตงอยู่ในตำราและรุ่งเรือง","Tiantong en templo próspero","汉字文化圈术语：ja/ko 保留汉字原词、vi 用汉越词、th 音译、es 西语意译（首见处附拼音），待母语复核。","filled"
"tier2:ziwei:star:lianzhenmiaowang","廉贞庙旺","liánzhēnmiàowàng","紫微星曜","—","—","렴진이 묘왕하다","liêm trinh miếu vượng","เหลียนเจิงอยู่ในตำราและรุ่งเรือง","Lianzhen en templo próspero","汉字文化圈术语：ja/ko 保留汉字原词、vi 用汉越词、th 音译、es 西语意译（首见处附拼音），待母语复核。","filled"
"tier2:ziwei:star:tianfumiaowang","天府庙旺","tiānfǔmiàowàng","紫微星曜","—","—","천부가 묘왕하다","thiên phủ miếu vượng","เทียนฝู่อยู่ในตำราและรุ่งเรือง","Tianfu en templo próspero","汉字文化圈术语：ja/ko 保留汉字原词、vi 用汉越词、th 音译、es 西语意译（首见处附拼音），待母语复核。","filled"
"tier2:ziwei:star:tianxiangmiaowang","天相庙旺","tiānxiàngmiàowàng","紫微星曜","—","—","천상이 묘왕하다","thiên tướng miếu vượng","เทียนเซี่ยงอยู่ในตำราและรุ่งเรือง","Tianxiang en templo próspero","汉字文化圈术语：ja/ko 保留汉字原词、vi 用汉越词、th 音译、es 西语意译（首见处附拼音），待母语复核。","filled"
"tier2:ziwei:star:tianliangmiaowang","天梁庙旺","tiānliángmiàowàng","紫微星曜","—","—","천량이 묘왕하다","thiên lương miếu vượng","เทียนเหลียงอยู่ในตำราและรุ่งเรือง","Tianliang en templo próspero","汉字文化圈术语：ja/ko 保留汉字原词、vi 用汉越词、th 音译、es 西语意译（首见处附拼音），待母语复核。","filled"
"tier2:ziwei:star:qishamiaowang","七杀庙旺","qīshāmiàowàng","紫微星曜","—","—","칠살이 묘왕하다","thất sát miếu vượng","ชีซาอยู่ในตำราและรุ่งเรือง","Qisha en templo próspero","汉字文化圈术语：ja/ko 保留汉字原词、vi 用汉越词、th 音译、es 西语意译（首见处附拼音），待母语复核。","filled"
"tier2:ziwei:star:pojunmiaowang","破军庙旺","pòjūnmiàowàng","紫微星曜","—","—","파군이 묘왕하다","phá quân miếu vượng","พัวจวินอยู่ในตำราและรุ่งเรือง","Pojun en templo próspero","汉字文化圈术语：ja/ko 保留汉字原词、vi 用汉越词、th 音译、es 西语意译（首见处附拼音），待母语复核。","filled"
"common:term:minggong","命宫","mìnggōng","基础","Life Palace","命宮","명궁","Mệnh Cung","เหมิงกง","Palacio de la Vida","Sino-xenic 定读(ja/ko/vi)+pinyin 通行(en/es)+th 音译或意译；待母语复核","filled"
"common:term:shengong","身宫","shēngōng","基础","—","—","—","—","—","—","汉字文化圈术语：ja/ko 保留汉字原词、vi 用汉越词、th 音译、es 西语意译（首见处附拼音），待母语复核。","filled"
"common:term:sizhu","四柱","sìzhù","基础","Four Pillars","四柱","사주","Tứ Trụ","สื่อจู่","Cuatro Pilares","Sino-xenic 定读(ja/ko/vi)+pinyin 通行(en/es)+th 音译或意译；待母语复核","filled"
"common:term:bazi","八字","bāzì","基础","BaZi","八字","팔자","Bát Tự","ปาจื่อ","BaZi","Sino-xenic 定读(ja/ko/vi)+pinyin 通行(en/es)+th 音译或意译；待母语复核","filled"
"tier2:common:term:zhentaiyangshi","真太阳时","zhēntàiyángshí","基础","—","—","진태양시","chân thái dương thời","เวลาสุริยคติจริง","hora solar verdadera","汉字文化圈术语：ja/ko 保留汉字原词、vi 用汉越词、th 音译、es 西语意译（首见处附拼音），待母语复核。","filled"
"tier2:common:term:jieqi","节气","jiéqì","基础","—","—","절기","tiết khí","ฤดูกาล","nodos solares","汉字文化圈术语：ja/ko 保留汉字原词、vi 用汉越词、th 音译、es 西语意译（首见处附拼音），待母语复核。","filled"
"tier2:common:term:nayin","纳音","nàyīn","基础","—","—","나음","nạp âm","เสียงนา","sonido absorbido","汉字文化圈术语：ja/ko 保留汉字原词、vi 用汉越词、th 音译、es 西语意译（首见处附拼音），待母语复核。","filled"
"tier2:common:term:gongwei","宫位","gōngwèi","基础","—","—","궁위","cung vị","ตำรา","palanca","汉字文化圈术语：ja/ko 保留汉字原词、vi 用汉越词、th 音译、es 西语意译（首见处附拼音），待母语复核。","filled"
"common:term:sanfangsizheng","三方四正","sānfāngsìzhèng","基础","—","—","—","—","—","—","汉字文化圈术语：ja/ko 保留汉字原词、vi 用汉越词、th 音译、es 西语意译（首见处附拼音），待母语复核。","filled"
"tier2:common:term:wuxingshengke","五行生克","wǔxíngshēngkè","基础","—","—","오행생극","ngũ hành sinh khắc","การเกิดและการข่มของห้าธาตุ","generación y control de los cinco elementos","汉字文化圈术语：ja/ko 保留汉字原词、vi 用汉越词、th 音译、es 西语意译（首见处附拼音），待母语复核。","filled"
"common:term:yongshen","用神","yòngshén","基础","—","—","—","—","—","—","汉字文化圈术语：ja/ko 保留汉字原词、vi 用汉越词、th 音译、es 西语意译（首见处附拼音），待母语复核。","filled"
"tier2:common:term:wangshuai","旺衰","wàngshuāi","基础","—","—","왕쇠","vượng suy","รุ่งเรืองและเสื่อม","prosperidad y declive","汉字文化圈术语：ja/ko 保留汉字原词、vi 用汉越词、th 音译、es 西语意译（首见处附拼音），待母语复核。","filled"
"common:term:dayun","大运","dàyùn","基础","Luck Pillar","大運","대운","Đại Vận","ไต่อวิ้น","Pilar de la suerte","Sino-xenic 定读(ja/ko/vi)+pinyin 通行(en/es)+th 音译或意译；待母语复核","filled"
"common:term:liunian","流年","liúnián","基础","Annual Luck","流年","유년","Lưu Niên","หลิวเหนียน","Suerte anual","Sino-xenic 定读(ja/ko/vi)+pinyin 通行(en/es)+th 音译或意译；待母语复核","filled"
"tier2:common:term:liuyue","流月","liúyuè","基础","—","—","류월","lưu nguyệt","เดือนไหล","mes fluyente","汉字文化圈术语：ja/ko 保留汉字原词、vi 用汉越词、th 音译、es 西语意译（首见处附拼音），待母语复核。","filled"
"common:term:kongwang","空亡","kōngwáng","基础","Void","空亡","공망","Không Vong","คงหวาง","Vacío","Sino-xenic 定读(ja/ko/vi)+pinyin 通行(en/es)+th 音译或意译；待母语复核","filled"
"common:term:taiyuan","胎元","tāiyuán","基础","—","—","—","—","—","—","汉字文化圈术语：ja/ko 保留汉字原词、vi 用汉越词、th 音译、es 西语意译（首见处附拼音），待母语复核。","filled"
"tier2:common:term:minggongqifa","命宫起法","mìnggōngqǐfǎ","基础","—","—","명궁기법","mệnh cung khởi pháp","วิธีเริ่มตำราชะตา","método de inicio de la palanca de destino","汉字文化圈术语：ja/ko 保留汉字原词、vi 用汉越词、th 音译、es 西语意译（首见处附拼音），待母语复核。","filled"
"tier2:common:term:shiergongming","十二宫名","shíèrgōngmíng","基础","—","—","십이궁명","thập nhị cung danh","ชื่อสิบสองตำรา","nombres de las doce palancas","汉字文化圈术语：ja/ko 保留汉字原词、vi 用汉越词、th 音译、es 西语意译（首见处附拼音），待母语复核。","filled"
"tier2:common:term:rizhu","日主","rìzhǔ","基础","—","—","일주","nhật chủ","ประธานวัน","señor del día","汉字文化圈术语：ja/ko 保留汉字原词、vi 用汉越词、th 音译、es 西语意译（首见处附拼音），待母语复核。","filled"
"tier2:common:term:yueling","月令","yuèlìng","基础","—","—","월령","nhuệ lệnh","คำสั่งเดือน","orden del mes","汉字文化圈术语：ja/ko 保留汉字原词、vi 用汉越词、th 音译、es 西语意译（首见处附拼音），待母语复核。","filled"
"tier2:common:term:geju","格局","géjú","基础","—","—","격국","cát cục","รูปแบบ","estructura","汉字文化圈术语：ja/ko 保留汉字原词、vi 用汉越词、th 音译、es 西语意译（首见处附拼音），待母语复核。","filled"
"common:term:tiaohou","调候","tiáohòu","基础","—","—","—","—","—","—","汉字文化圈术语：ja/ko 保留汉字原词、vi 用汉越词、th 音译、es 西语意译（首见处附拼音），待母语复核。","filled"
"common:term:tongguan","通关","tōngguān","基础","—","—","—","—","—","—","汉字文化圈术语：ja/ko 保留汉字原词、vi 用汉越词、th 音译、es 西语意译（首见处附拼音），待母语复核。","filled"
"bazi:shensha:wenchang","文昌","wénchāng","神煞","Wenchang","文昌","문창","Văn Xương","เหวินชาง","Wenchang","Sino-xenic 定读(ja/ko/vi)+pinyin 通行(en/es)+th 音译或意译；待母语复核","filled"
"bazi:shensha:wenqu","文曲","wénqǔ","神煞","Wenqu","文曲","문곡","Văn Khúc","เหวินชวี้","Wenqu","Sino-xenic 定读(ja/ko/vi)+pinyin 通行(en/es)+th 音译或意译；待母语复核","filled"
"bazi:shensha:zuofu","左辅","zuǒfǔ","神煞","Zuofu","左輔","좌보","Tả Phụ","จั่วฝู่","Zuofu","Sino-xenic 定读(ja/ko/vi)+pinyin 通行(en/es)+th 音译或意译；待母语复核","filled"
"bazi:shensha:youbi","右弼","yòubì","神煞","Youbi","右弼","우필","Hữu Bật","โยวปี้","Youbi","Sino-xenic 定读(ja/ko/vi)+pinyin 通行(en/es)+th 音译或意译；待母语复核","filled"
"bazi:shensha:tiankui","天魁","tiānkuí","神煞","Tiankui","天魁","천괴","Thiên Khuê","เทียนคุย","Tiankui","Sino-xenic 定读(ja/ko/vi)+pinyin 通行(en/es)+th 音译或意译；待母语复核","filled"
"bazi:shensha:tianyue","天钺","tiānyuè","神煞","Tianyue","天鉞","천월","Thiên Việt","เทียนเยว่","Tianyue","Sino-xenic 定读(ja/ko/vi)+pinyin 通行(en/es)+th 音译或意译；待母语复核","filled"
"bazi:shensha:lucun","禄存","lùcún","神煞","Lucun","祿存","녹존","Lộc Tồn","ลู่ชุน","Lucun","Sino-xenic 定读(ja/ko/vi)+pinyin 通行(en/es)+th 音译或意译；待母语复核","filled"
"bazi:shensha:qingyang","擎羊","qíngyáng","神煞","Qingyang","擎羊","경양","Kình Dương","ชิงหยาง","Qingyang","Sino-xenic 定读(ja/ko/vi)+pinyin 通行(en/es)+th 音译或意译；待母语复核","filled"
"bazi:shensha:tuoluo","陀罗","tuóluó","神煞","Tuoluo","陀羅","타라","Đà La","ถัวลัว","Tuoluo","Sino-xenic 定读(ja/ko/vi)+pinyin 通行(en/es)+th 音译或意译；待母语复核","filled"
"bazi:shensha:huoxing","火星","huǒxīng","神煞","Huoxing (Mars)","火星","화성","Hỏa Tinh","หัวซิง","Huoxing (Marte)","Sino-xenic 定读(ja/ko/vi)+pinyin 通行(en/es)+th 音译或意译；待母语复核","filled"
"bazi:shensha:lingxing","铃星","língxīng","神煞","Lingxing","鈴星","영성","Linh Tinh","หลิงซิง","Lingxing","Sino-xenic 定读(ja/ko/vi)+pinyin 通行(en/es)+th 音译或意译；待母语复核","filled"
"bazi:shensha:tianyiguiren","天乙贵人","tiānyǐguìrén","神煞","Nobleman","天乙貴人","천을귀인","Thiên Ất Quý Nhân","เทียนอี้กุยเหริน","Noble","Sino-xenic 定读(ja/ko/vi)+pinyin 通行(en/es)+th 音译或意译；待母语复核","filled"
"bazi:shensha:taijiguiren","太极贵人","tàijíguìrén","神煞","Taiji Nobleman","太極貴人","태극귀인","Thái Cực Quý Nhân","ไท่จี๋กุยเหริน","Noble Taiji","Sino-xenic 定读(ja/ko/vi)+pinyin 通行(en/es)+th 音译或意译；待母语复核","filled"
"bazi:shensha:tiande","天德","tiāndé","神煞","Heavenly Virtue","天德貴人","천덕귀인","Thiên Đức Quý Nhân","เทียนเต๋อกุยเหริน","Virtud Celestial","Sino-xenic 定读(ja/ko/vi)+pinyin 通行(en/es)+th 音译或意译；待母语复核","filled"
"bazi:shensha:yuede","月德","yuèdé","神煞","Lunar Virtue","月德貴人","월덕귀인","Nguyệt Đức Quý Nhân","เยว่เต๋อกุยเหริน","Virtud Lunar","Sino-xenic 定读(ja/ko/vi)+pinyin 通行(en/es)+th 音译或意译；待母语复核","filled"
"tier2:bazi:shensha:tiandehe","天德合","tiāndéhé","神煞","—","—","천덕합","thiên đức hợp","การรวมตัวของเตียนเต๋อ","unión de la virtud celestial","汉字文化圈术语：ja/ko 保留汉字原词、vi 用汉越词、th 音译、es 西语意译（首见处附拼音），待母语复核。","filled"
"tier2:bazi:shensha:yuedehe","月德合","yuèdéhé","神煞","—","—","월덕합","nhuệ đức hợp","การรวมตัวของเยว่เต๋อ","unión de la virtud lunar","汉字文化圈术语：ja/ko 保留汉字原词、vi 用汉越词、th 音译、es 西语意译（首见处附拼音），待母语复核。","filled"
"bazi:shensha:taohua","桃花","táohuā","神煞","Peach Blossom","桃花","도화","Đào Hoa","เทาฮัว","Flor de durazno","Sino-xenic 定读(ja/ko/vi)+pinyin 通行(en/es)+th 音译或意译；待母语复核","filled"
"bazi:shensha:xianchi","咸池","xiánchí","神煞","Xianchi (Peach Blossom)","咸池","함지","Hàm Trì","เซียนฉือ","Xianchi (Flor de durazno)","Sino-xenic 定读(ja/ko/vi)+pinyin 通行(en/es)+th 音译或意译；待母语复核","filled"
"bazi:shensha:yima","驿马","yìmǎ","神煞","Sky Horse","驛馬","역마","Dịch Mã","อี้หม่า","Cabalo del cielo","Sino-xenic 定读(ja/ko/vi)+pinyin 通行(en/es)+th 音译或意译；待母语复核","filled"
"bazi:shensha:huagai","华盖","huágài","神煞","Canopy","華蓋","화개","Hoa Cái","หัวไก่","Dosel","Sino-xenic 定读(ja/ko/vi)+pinyin 通行(en/es)+th 音译或意译；待母语复核","filled"
"bazi:shensha:guchen","孤辰","gūchén","神煞","Solitude Star","孤辰","고진","Cô Thần","กูเฉิน","Estrella de la soledad","Sino-xenic 定读(ja/ko/vi)+pinyin 通行(en/es)+th 音译或意译；待母语复核","filled"
"bazi:shensha:guasu","寡宿","guǎsù","神煞","Widowhood Star","寡宿","과수","Quả Tú","กวาซิ่ว","Estrella de la viudez","Sino-xenic 定读(ja/ko/vi)+pinyin 通行(en/es)+th 音译或意译；待母语复核","filled"
"bazi:shensha:jiesha","劫煞","jiéshā","神煞","Robbery Star","劫煞","격살","Kiếp Sát","เจี๋ยซา","Estrella del robo","Sino-xenic 定读(ja/ko/vi)+pinyin 通行(en/es)+th 音译或意译；待母语复核","filled"
"bazi:shensha:zaisha","灾煞","zāishā","神煞","Calamity Star","災煞","재살","Tai Sát","ไจซา","Estrella de la calamidad","Sino-xenic 定读(ja/ko/vi)+pinyin 通行(en/es)+th 音译或意译；待母语复核","filled"
"bazi:shensha:suipo","岁破","suìpò","神煞","—","—","—","—","—","—","汉字文化圈术语：ja/ko 保留汉字原词、vi 用汉越词、th 音译、es 西语意译（首见处附拼音），待母语复核。","filled"
"tier2:bazi:shensha:dahao","大耗","dàhào","神煞","—","—","대호","đại hao","การสูญเสียใหญ่","gran gasto","汉字文化圈术语：ja/ko 保留汉字原词、vi 用汉越词、th 音译、es 西语意译（首见处附拼音），待母语复核。","filled"
"tier2:bazi:shensha:posui","破碎","pòsuì","神煞","—","—","파쇄","phá toái","ความแตกสลาย","fragmentación","汉字文化圈术语：ja/ko 保留汉字原词、vi 用汉越词、th 音译、es 西语意译（首见处附拼音），待母语复核。","filled"
"bazi:shensha:hongluan","红鸾","hóngluán","神煞","Hongluan","紅鸞","홍란","Hồng Loan","หงหลวน","Hongluan","Sino-xenic 定读(ja/ko/vi)+pinyin 通行(en/es)+th 音译或意译；待母语复核","filled"
"bazi:shensha:tianxi","天喜","tiānxǐ","神煞","Tianxi (Sky Joy)","天喜","천희","Thiên Hỷ","เทียนซี","Tianxi (Alegría celeste)","Sino-xenic 定读(ja/ko/vi)+pinyin 通行(en/es)+th 音译或意译；待母语复核","filled"
"tier2:bazi:shensha:yinsha","阴煞","yīnshā","神煞","—","—","음살","âm sát","อวิชชา","maldición yin","汉字文化圈术语：ja/ko 保留汉字原词、vi 用汉越词、th 音译、es 西语意译（首见处附拼音），待母语复核。","filled"
"tier2:ziwei:star:tianyao","天姚","tiānyáo","神煞","—","—","천요","thiên yêu","ความงามของสวรรค์","belleza celestial","汉字文化圈术语：ja/ko 保留汉字原词、vi 用汉越词、th 音译、es 西语意译（首见处附拼音），待母语复核。","filled"
"bazi:shensha:tianxing","天刑","tiānxíng","神煞","—","—","—","—","—","—","汉字文化圈术语：ja/ko 保留汉字原词、vi 用汉越词、th 音译、es 西语意译（首见处附拼音），待母语复核。","filled"
"tier2:bazi:shensha:jieshen","解神","jiěshén","神煞","—","—","해신","giải thần","เทพเจ้าแห่งการปลดปล่อย","dios de la liberación","汉字文化圈术语：ja/ko 保留汉字原词、vi 用汉越词、th 音译、es 西语意译（首见处附拼音），待母语复核。","filled"
"bazi:shensha:longde","龙德","lóngdé","神煞","—","—","—","—","—","—","汉字文化圈术语：ja/ko 保留汉字原词、vi 用汉越词、th 音译、es 西语意译（首见处附拼音），待母语复核。","filled"
"tier2:bazi:shensha:baobai","暴败","bàobài","神煞","—","—","폭패","bạo bại","ความพ่ายแพ้ฉับพลัน","derrota repentina","汉字文化圈术语：ja/ko 保留汉字原词、vi 用汉越词、th 音译、es 西语意译（首见处附拼音），待母语复核。","filled"
"bazi:shensha:sangmen","丧门","sāngmén","神煞","—","—","—","—","—","—","汉字文化圈术语：ja/ko 保留汉字原词、vi 用汉越词、th 音译、es 西语意译（首见处附拼音），待母语复核。","filled"
"bazi:shensha:diaoke","吊客","diàokè","神煞","—","—","—","—","—","—","汉字文化圈术语：ja/ko 保留汉字原词、vi 用汉越词、th 音译、es 西语意译（首见处附拼音），待母语复核。","filled"
"bazi:shensha:baihu","白虎","báihǔ","神煞","White Tiger","白虎","백호","Bạch Hổ","ไป๋หู","Tigre Blanco","Sino-xenic 定读(ja/ko/vi)+pinyin 通行(en/es)+th 音译或意译；待母语复核","filled"
"bazi:shensha:jiangxing","将星","jiāngxīng","神煞","General Star","將星","장성","Tướng Tinh","เจี้ยงซิง","Estrella del general","Sino-xenic 定读(ja/ko/vi)+pinyin 通行(en/es)+th 音译或意译；待母语复核","filled"
"tier2:bazi:shensha:panan","攀鞍","pānān","神煞","—","—","판안","bàn an","อานแห่งการปีนป่าย","estribera","汉字文化圈术语：ja/ko 保留汉字原词、vi 用汉越词、th 音译、es 西语意译（首见处附拼音），待母语复核。","filled"
"tier2:bazi:shensha:suiyi","岁驿","suìyì","神煞","—","—","세역","tuế dịch","ม้าแห่งปี","correo anual","汉字文化圈术语：ja/ko 保留汉字原词、vi 用汉越词、th 音译、es 西语意译（首见处附拼音），待母语复核。","filled"
"tier2:bazi:shensha:xishen","息神","xīshén","神煞","—","—","식신","tức thần","เทพเจ้าแห่งการพักผ่อน","dios del descanso","汉字文化圈术语：ja/ko 保留汉字原词、vi 用汉越词、th 音译、es 西语意译（首见处附拼音），待母语复核。","filled"
"tier2:bazi:shensha:tianchu","天厨","tiānchú","神煞","—","—","천주","thiên trù","ครัวของสวรรค์","cocina celestial","汉字文化圈术语：ja/ko 保留汉字原词、vi 用汉越词、th 音译、es 西语意译（首见处附拼音），待母语复核。","filled"
"tier2:bazi:shensha:tiancai","天才","tiāncái","神煞","—","—","천재","thiên tài","พรสวรรค์","talento","汉字文化圈术语：ja/ko 保留汉字原词、vi 用汉越词、th 音译、es 西语意译（首见处附拼音），待母语复核。","filled"
"tier2:bazi:shensha:tianshou","天寿","tiānshòu","神煞","—","—","천수","thiên thọ","อายุขัยของสวรรค์","larga vida celestial","汉字文化圈术语：ja/ko 保留汉字原词、vi 用汉越词、th 音译、es 西语意译（首见处附拼音），待母语复核。","filled"
"tier2:bazi:shensha:guasuguchen","寡宿孤辰并见","guǎsùgūchén","神煞","—","—","과숙고진이 병견하다","quả tú cô thần tịnh kiến","โงะซูและกู่เฉินปรากฏร่วมกัน","viuda y solterón vistos juntos","汉字文化圈术语：ja/ko 保留汉字原词、vi 用汉越词、th 音译、es 西语意译（首见处附拼音），待母语复核。","filled"
"tier2:bazi:shensha:taohuadaisha","桃花带杀","táohuādàishā","神煞","—","—","도화대살","đào hoa đái sát","ดอกท้อพร้อมเจ็ดเจ็ด","flor de durazno con asesino","汉字文化圈术语：ja/ko 保留汉字原词、vi 用汉越词、th 音译、es 西语意译（首见处附拼音），待母语复核。","filled"
"tier2:bazi:shensha:guirenruming","贵人入命","guìrénrùmìng","神煞","—","—","귀인이 입명하다","quý nhân nhập mệnh","ผู้ดีมีเกียรติเข้าชะตา","noble entra en el destino","汉字文化圈术语：ja/ko 保留汉字原词、vi 用汉越词、th 音译、es 西语意译（首见处附拼音），待母语复核。","filled"
"tier2:bazi:shensha:yimafengchong","驿马逢冲","yìmǎféngchōng","神煞","—","—","역마가 충을 만나다","nhật mã phùng xung","ม้าแห่งการสื่อสารพบการชน","caballo de correo encuentra choque","汉字文化圈术语：ja/ko 保留汉字原词、vi 用汉越词、th 音译、es 西语意译（首见处附拼音），待母语复核。","filled"
"tier2:bazi:shensha:huagaifengkong","华盖逢空","huágàiféngkōng","神煞","—","—","화개가 공을 만나다","hoa cái phùng không","ฉางก่ายพบความว่างเปล่า","toldo encuentra vacío","汉字文化圈术语：ja/ko 保留汉字原词、vi 用汉越词、th 音译、es 西语意译（首见处附拼音），待母语复核。","filled"
"tier2:bazi:shensha:sanqiguiren","三奇贵人","sānqíguìrén","神煞","—","—","삼기귀인","tam kỳ quý nhân","สามผู้ดีมีเกียรติ","tres maravillas nobles","汉字文化圈术语：ja/ko 保留汉字原词、vi 用汉越词、th 音译、es 西语意译（首见处附拼音），待母语复核。","filled"
"tier2:bazi:shensha:tiandeyuede","天德月德并临","tiāndéyuèdé","神煞","—","—","천덕월덕이 병림하다","thiên đức nhuệ đức tịnh lâm","เตียนเต๋อและเยว่เต๋อปรากฏร่วมกัน","virtud celestial y lunar presentes juntas","汉字文化圈术语：ja/ko 保留汉字原词、vi 用汉越词、th 音译、es 西语意译（首见处附拼音），待母语复核。","filled"
"bazi:shensha:yangren","羊刃","yángrèn","神煞","Goat Blade","羊刃","양인","Dương Nhẫn","หยางเหริน","Filo de la Cabra","Sino-xenic 定读(ja/ko/vi)+pinyin 通行(en/es)+th 音译或意译；待母语复核","filled"
"tier2:bazi:shensha:feiren","飞刃","fēirèn","神煞","—","—","비인","phi nhẫn","ใบมีดบิน","hoja voladora","汉字文化圈术语：ja/ko 保留汉字原词、vi 用汉越词、th 音译、es 西语意译（首见处附拼音），待母语复核。","filled"
"tier2:bazi:shensha:xueren","血刃","xuèrèn","神煞","—","—","혈인","huyết nhẫn","ใบมีดแห่งเลือด","hoja de sangre","汉字文化圈术语：ja/ko 保留汉字原词、vi 用汉越词、th 音译、es 西语意译（首见处附拼音），待母语复核。","filled"
"tier2:common:school:zipingbazi","子平八字","zǐpíngbāzì","命理流派","—","—","자평팔자","tử bình bát tự","แปดตัวอักษรจื่อผิง","ocho caracteres de Ziping","汉字文化圈术语：ja/ko 保留汉字原词、vi 用汉越词、th 音译、es 西语意译（首见处附拼音），待母语复核。","filled"
"common:school:ziweidoushu","紫微斗数","zǐwēidǒushù","命理流派","Zi Wei Dou Shu","紫微斗数","자미두수","Tử Vi Đẩu Số","จื่อเหวยโดวซู","Zi Wei Dou Shu","Sino-xenic 定读(ja/ko/vi)+pinyin 通行(en/es)+th 音译或意译；待母语复核","filled"
"tier2:common:school:qimendunjia","奇门遁甲","qíméndùnjiǎ","命理流派","—","—","기문둔갑","kỳ môn độn giáp","ฉีเหมินตุนเจีย","puerta misteriosa y tallos ocultos","汉字文化圈术语：ja/ko 保留汉字原词、vi 用汉越词、th 音译、es 西语意译（首见处附拼音），待母语复核。","filled"
"tier2:common:school:daliuren","大六壬","dàliùrén","命理流派","—","—","대육인","đại lục nhâm","ต้าหลิ่วเหริน","seis ren grandes","汉字文化圈术语：ja/ko 保留汉字原词、vi 用汉越词、th 音译、es 西语意译（首见处附拼音），待母语复核。","filled"
"tier2:common:school:taiyishenshu","太乙神数","tàiyǐshénshù","命理流派","—","—","태이신수","thái乙 thần số","ไทอิ่นเชนซู","números divinos de Taiyi","汉字文化圈术语：ja/ko 保留汉字原词、vi 用汉越词、th 音译、es 西语意译（首见处附拼音），待母语复核。","filled"
"tier2:common:school:tiebanshenshu","铁板神数","tiěbǎnshénshù","命理流派","—","—","철판신수","thiết bản thần số","เตี๋อป่านเชนซู","números divinos de la tabla de hierro","汉字文化圈术语：ja/ko 保留汉字原词、vi 用汉越词、th 音译、es 西语意译（首见处附拼音），待母语复核。","filled"
"tier2:common:school:meihuayishu","梅花易数","méihuāyìshù","命理流派","—","—","매화이수","mê hoa dị số","เหม่ยฮวาอี้ซู","números de la flor de ciruelo","汉字文化圈术语：ja/ko 保留汉字原词、vi 用汉越词、th 音译、es 西语意译（首见处附拼音），待母语复核。","filled"
"tier2:common:school:shaozishenshu","邵子神数","shàozǐshénshù","命理流派","—","—","소자신수","thiệu tử thần số","เซ่าจื่อเชนซู","números divinos de Shaozi","汉字文化圈术语：ja/ko 保留汉字原词、vi 用汉越词、th 音译、es 西语意译（首见处附拼音），待母语复核。","filled"
"tier2:common:school:cezi","测字","cèzì","命理流派","—","—","측자","thắc tự","การอ่านอักษร","adivinación de caracteres","汉字文化圈术语：ja/ko 保留汉字原词、vi 用汉越词、th 音译、es 西语意译（首见处附拼音），待母语复核。","filled"
"tier2:common:school:mianxiang","面相","miànxiàng","命理流派","—","—","면상","diện tướng","ลักษณะใบหน้า","fisionomía","汉字文化圈术语：ja/ko 保留汉字原词、vi 用汉越词、th 音译、es 西语意译（首见处附拼音），待母语复核。","filled"
"tier2:common:school:shouxiang","手相","shǒuxiàng","命理流派","—","—","수상","thủ tướng","ลักษณะมือ","quiromancia","汉字文化圈术语：ja/ko 保留汉字原词、vi 用汉越词、th 音译、es 西语意译（首见处附拼音），待母语复核。","filled"
"tier2:common:school:fengshuiluantou","风水峦头","fēngshuǐluántóu","命理流派","—","—","풍수난두","phong thủy loan đầu","ฟงสุ่ยหลวนโถว","feng shui de colinas","汉字文化圈术语：ja/ko 保留汉字原词、vi 用汉越词、th 音译、es 西语意译（首见处附拼音），待母语复核。","filled"
"tier2:common:school:fengshuiliqi","风水理气","fēngshuǐlǐqì","命理流派","—","—","풍수리기","phong thủy lý khí","ฟงสุ่ยหลี่ชี่","feng shui de qi","汉字文化圈术语：ja/ko 保留汉字原词、vi 用汉越词、th 音译、es 西语意译（首见处附拼音），待母语复核。","filled"
"tier2:common:school:qizhengsiyu","七政四余","qīzhèngsìyú","命理流派","—","—","칠정사여","thất chính tứ dư","เจ็ดดาวและสี่ดาว","siete gobernantes y cuatro restos","汉字文化圈术语：ja/ko 保留汉字原词、vi 用汉越词、th 音译、es 西语意译（首见处附拼音），待母语复核。","filled"
"tier2:common:school:guolaoxingzong","果老星宗","guǒlǎoxīngzōng","命理流派","—","—","과노성종","quả lão tinh tông","กั่วเหล่าซิงจง","astrología de Guolao","汉字文化圈术语：ja/ko 保留汉字原词、vi 用汉越词、th 音译、es 西语意译（首见处附拼音），待母语复核。","filled"
"tier2:common:school:yanqin","演禽","yǎnqín","命理流派","—","—","연금","diễn cầm","เหยียนฉิน","adivinación de aves","汉字文化圈术语：ja/ko 保留汉字原词、vi 用汉越词、th 音译、es 西语意译（首见处附拼音），待母语复核。","filled"
"tier2:common:school:jiugongfeixing","九宫飞星","jiǔgōngfēixīng","命理流派","—","—","궁궁비성","cửu cung phi tinh","เก้าตำราบินดาว","nueve palancas de estrellas voladoras","汉字文化圈术语：ja/ko 保留汉字原词、vi 用汉越词、th 音译、es 西语意译（首见处附拼音），待母语复核。","filled"
"tier2:common:school:xuankongfeixing","玄空飞星","xuánkōngfēixīng","命理流派","—","—","현공비성","huyền không phi tinh","เสวียนคังบินดาว","estrellas voladoras de xuan kong","汉字文化圈术语：ja/ko 保留汉字原词、vi 用汉越词、th 音译、es 西语意译（首见处附拼音），待母语复核。","filled"
"tier2:common:sancai:taiji","太极","tàijí","三才四象","—","—","태극","thái cực","ไทจี๋","gran extremo","汉字文化圈术语：ja/ko 保留汉字原词、vi 用汉越词、th 音译、es 西语意译（首见处附拼音），待母语复核。","filled"
"tier2:common:sancai:liangyi","两仪","liǎngyí","三才四象","—","—","양의","lưỡng nghi","เหลี่ยงอี้","dos principios","汉字文化圈术语：ja/ko 保留汉字原词、vi 用汉越词、th 音译、es 西语意译（首见处附拼音），待母语复核。","filled"
"tier2:common:sancai:sancai","三才","sāncái","三才四象","—","—","삼재","tam tài","ซานไถ่","tres talentos","汉字文化圈术语：ja/ko 保留汉字原词、vi 用汉越词、th 音译、es 西语意译（首见处附拼音），待母语复核。","filled"
"tier2:common:sancai:sixiang","四象","sìxiàng","三才四象","—","—","사상","tứ tượng","ซื่อเซี่ยง","cuatro imágenes","汉字文化圈术语：ja/ko 保留汉字原词、vi 用汉越词、th 音译、es 西语意译（首见处附拼音），待母语复核。","filled"
"tier2:common:sancai:yinyang","阴阳","yīnyáng","三才四象","—","—","음양","âm dương","อิ่นหยาง","yin y yang","汉字文化圈术语：ja/ko 保留汉字原词、vi 用汉越词、th 音译、es 西语意译（首见处附拼音），待母语复核。","filled"
"tier2:common:sancai:wuji","无极","wújí","三才四象","—","—","무극","vô cực","อู๋จี๋","sin extremo","汉字文化圈术语：ja/ko 保留汉字原词、vi 用汉越词、th 音译、es 西语意译（首见处附拼音），待母语复核。","filled"
"tier2:common:sancai:daoshengyi","道生一","dàoshēngyī","三才四象","—","—","도가 일생하다","đạo sinh nhất","เต้าเซิงอี๋","el dao genera el uno","汉字文化圈术语：ja/ko 保留汉字原词、vi 用汉越词、th 音译、es 西语意译（首见处附拼音），待母语复核。","filled"
"tier2:common:sancai:xiantianbagua","先天八卦","xiāntiānbāguà","三才四象","—","—","선천팔괘","tiên thiên bát quái","เทียนเทียนป้ากั๋ว","ocho trigramas pre-celestes","汉字文化圈术语：ja/ko 保留汉字原词、vi 用汉越词、th 音译、es 西语意译（首见处附拼音），待母语复核。","filled"
"tier2:common:sancai:houtianbagua","后天八卦","hòutiānbāguà","三才四象","—","—","후천팔괘","hậu thiên bát quái","ฮว๋อเทียนป้ากั๋ว","ocho trigramas post-celestes","汉字文化圈术语：ja/ko 保留汉字原词、vi 用汉越词、th 音译、es 西语意译（首见处附拼音），待母语复核。","filled"
"tier2:common:sancai:hetu","河图","hétú","三才四象","—","—","하도","hà đồ","เหอถู่","diagrama del río","汉字文化圈术语：ja/ko 保留汉字原词、vi 用汉越词、th 音译、es 西语意译（首见处附拼音），待母语复核。","filled"
"tier2:common:sancai:luoshu","洛书","luòshū","三才四象","—","—","낙서","lạc thư","หลัวซู","libro de Luo","汉字文化圈术语：ja/ko 保留汉字原词、vi 用汉越词、th 音译、es 西语意译（首见处附拼音），待母语复核。","filled"
"tier2:yijing:heluo:tianyishengshui","天一生水","tiānyīshēngshuǐ","河洛","—","—","천일이 수생하다","thiên nhất sinh thủy","เทียนอี้เซิงสุ่ย","el cielo uno genera el agua","汉字文化圈术语：ja/ko 保留汉字原词、vi 用汉越词、th 音译、es 西语意译（首见处附拼音），待母语复核。","filled"
"tier2:yijing:heluo:diershenghuo","地二生火","dìèrshēnghuǒ","河洛","—","—","지이가 화생하다","địa nhị sinh hỏa","ตี้เอ๋อร์เซิงฮั่ว","la tierra dos genera el fuego","汉字文化圈术语：ja/ko 保留汉字原词、vi 用汉越词、th 音译、es 西语意译（首见处附拼音），待母语复核。","filled"
"tier2:yijing:heluo:tiansanshengmu","天三生木","tiānsānshēngmù","河洛","—","—","천삼이 목생하다","thiên tam sinh mộc","เทียนซานเซิงหมู่","el cielo tres genera la madera","汉字文化圈术语：ja/ko 保留汉字原词、vi 用汉越词、th 音译、es 西语意译（首见处附拼音），待母语复核。","filled"
"tier2:yijing:heluo:disishengjin","地四生金","dìsìshēngjīn","河洛","—","—","지 4 생 금","Kim sinh bởi số 4","phong sinh kim","cuatro de la tierra que genera metal","汉字文化圈术语：ja/ko 保留汉字原词、vi 用汉越词、th 音译、es 西语意译（首见处附拼音），待母语复核。","filled"
"tier2:yijing:heluo:tianwushengtu","天五生土","tiānwǔshēngtǔ","河洛","—","—","천 5 생 토","Thổ sinh bởi số 5","thiên sinh thổ","cinco del cielo que genera tierra","汉字文化圈术语：ja/ko 保留汉字原词、vi 用汉越词、th 音译、es 西语意译（首见处附拼音），待母语复核。","filled"
"tier2:yijing:heluo:shengchengshu","生成数","shēngchéngshù","河洛","—","—","생성수","Số sinh thành","số sinh thành","número generativo","汉字文化圈术语：ja/ko 保留汉字原词、vi 用汉越词、th 音译、es 西语意译（首见处附拼音），待母语复核。","filled"
"tier2:yijing:heluo:xiantianshu","先天数","xiāntiānshù","河洛","—","—","선천수","Số tiên thiên","số tiên thiên","número predestinado","汉字文化圈术语：ja/ko 保留汉字原词、vi 用汉越词、th 音译、es 西语意译（首见处附拼音），待母语复核。","filled"
"tier2:yijing:heluo:houtianshu","后天数","hòutiānshù","河洛","—","後天数","후천수","Số hậu thiên","số hậu thiên","número posterior","汉字文化圈术语：ja/ko 保留汉字原词、vi 用汉越词、th 音译、es 西语意译（首见处附拼音），待母语复核。","filled"
"tier2:astrology:qizheng:ri","日","rì","七政四余","—","—","일","Mặt Trời","mặt trời","Sol","汉字文化圈术语：ja/ko 保留汉字原词、vi 用汉越词、th 音译、es 西语意译（首见处附拼音），待母语复核。","filled"
"tier2:astrology:qizheng:yue","月","yuè","七政四余","—","—","월","Mặt Trăng","mặt trăng","Luna","汉字文化圈术语：ja/ko 保留汉字原词、vi 用汉越词、th 音译、es 西语意译（首见处附拼音），待母语复核。","filled"
"tier2:astrology:qizheng:jinxing","金星","jīnxīng","七政四余","—","—","금성","Sao Kim","sao kim","Venus","汉字文化圈术语：ja/ko 保留汉字原词、vi 用汉越词、th 音译、es 西语意译（首见处附拼音），待母语复核。","filled"
"tier2:astrology:qizheng:muxing","木星","mùxīng","七政四余","—","—","목성","Sao Mộc","sao mộc","Júpiter","汉字文化圈术语：ja/ko 保留汉字原词、vi 用汉越词、th 音译、es 西语意译（首见处附拼音），待母语复核。","filled"
"tier2:astrology:qizheng:shuixing","水星","shuǐxīng","七政四余","—","—","수성","Sao Thủy","sao thủy","Mercurio","汉字文化圈术语：ja/ko 保留汉字原词、vi 用汉越词、th 音译、es 西语意译（首见处附拼音），待母语复核。","filled"
"astrology:qizheng:huoxing","火星","huǒxīng","七政四余","Huoxing (Mars)","火星","화성","Hỏa Tinh","หัวซิง","Huoxing (Marte)","Sino-xenic 定读(ja/ko/vi)+pinyin 通行(en/es)+th 音译或意译；待母语复核","filled"
"tier2:astrology:qizheng:tuxing","土星","tǔxīng","七政四余","—","—","토성","Sao Thổ","sao thổ","Saturno","汉字文化圈术语：ja/ko 保留汉字原词、vi 用汉越词、th 音译、es 西语意译（首见处附拼音），待母语复核。","filled"
"tier2:astrology:qizheng:luohou","罗睺","luóhóu","七政四余","—","ラフ","라후","La Hầu","la hâu","Rahu","汉字文化圈术语：ja/ko 保留汉字原词、vi 用汉越词、th 音译、es 西语意译（首见处附拼音），待母语复核。","filled"
"tier2:astrology:qizheng:jidou","计都","jìdōu","七政四余","—","ケドゥ","계두","Cật Đô","kế đô","Ketu","汉字文化圈术语：ja/ko 保留汉字原词、vi 用汉越词、th 音译、es 西语意译（首见处附拼音），待母语复核。","filled"
"tier2:astrology:qizheng:ziqi","紫气","zǐqì","七政四余","—","紫気","자기","Tử Khí","tử khí","Qi púrpura","汉字文化圈术语：ja/ko 保留汉字原词、vi 用汉越词、th 音译、es 西语意译（首见处附拼音），待母语复核。","filled"
"tier2:astrology:qizheng:yuebei","月孛","yuèbèi","七政四余","—","—","월보","Nguyệt Bội","nguyệt bội","Lilith","汉字文化圈术语：ja/ko 保留汉字原词、vi 用汉越词、th 音译、es 西语意译（首见处附拼音），待母语复核。","filled"
"tier2:qimen:term:tianpeng","天蓬","tiānpéng","奇门遁甲","—","—","천봉","Thiên Bồng","thiên bồng","Tianpeng","汉字文化圈术语：ja/ko 保留汉字原词、vi 用汉越词、th 音译、es 西语意译（首见处附拼音），待母语复核。","filled"
"tier2:qimen:term:tianrui","天芮","tiānruì","奇门遁甲","—","—","천유","Thiên Nhuệ","thiên nhuội","Tianrui","汉字文化圈术语：ja/ko 保留汉字原词、vi 用汉越词、th 音译、es 西语意译（首见处附拼音），待母语复核。","filled"
"tier2:qimen:term:tianchong","天冲","tiānchōng","奇门遁甲","—","天衝","천충","Thiên Sùng","thiên xung","Tianchong","汉字文化圈术语：ja/ko 保留汉字原词、vi 用汉越词、th 音译、es 西语意译（首见处附拼音），待母语复核。","filled"
"tier2:qimen:term:tianfu","天辅","tiānfǔ","奇门遁甲","—","天輔","천부","Thiên Phụ","thiên phụ","Tianfu","汉字文化圈术语：ja/ko 保留汉字原词、vi 用汉越词、th 音译、es 西语意译（首见处附拼音），待母语复核。","filled"
"tier2:qimen:term:tianqin","天禽","tiānqín","奇门遁甲","—","—","천금","Thiên Tuyền","thiên cầm","Tianqin","汉字文化圈术语：ja/ko 保留汉字原词、vi 用汉越词、th 音译、es 西语意译（首见处附拼音），待母语复核。","filled"
"tier2:qimen:term:tianxin","天心","tiānxīn","奇门遁甲","—","—","천심","Thiên Tâm","thiên tâm","Tianxin","汉字文化圈术语：ja/ko 保留汉字原词、vi 用汉越词、th 音译、es 西语意译（首见处附拼音），待母语复核。","filled"
"tier2:qimen:term:tianzhu","天柱","tiānzhù","奇门遁甲","—","—","천주","Thiên Trụ","thiên trụ","Tianzhu","汉字文化圈术语：ja/ko 保留汉字原词、vi 用汉越词、th 音译、es 西语意译（首见处附拼音），待母语复核。","filled"
"tier2:qimen:term:tianren","天任","tiānrèn","奇门遁甲","—","—","천임","Thiên Nhiệm","thiên nhiệm","Tianren","汉字文化圈术语：ja/ko 保留汉字原词、vi 用汉越词、th 音译、es 西语意译（首见处附拼音），待母语复核。","filled"
"tier2:qimen:term:tianying","天英","tiānyīng","奇门遁甲","—","—","천영","Thiên Anh","thiên anh","Tianying","汉字文化圈术语：ja/ko 保留汉字原词、vi 用汉越词、th 音译、es 西语意译（首见处附拼音），待母语复核。","filled"
"tier2:qimen:term:xiumen","休门","xiūmén","奇门遁甲","—","休門","휴문","Hưu Môn","cửa hưu","Puerta de Descanso","汉字文化圈术语：ja/ko 保留汉字原词、vi 用汉越词、th 音译、es 西语意译（首见处附拼音），待母语复核。","filled"
"tier2:qimen:term:shengmen","生门","shēngmén","奇门遁甲","—","生門","생문","Sinh Môn","cửa sinh","Puerta de Vida","汉字文化圈术语：ja/ko 保留汉字原词、vi 用汉越词、th 音译、es 西语意译（首见处附拼音），待母语复核。","filled"
"tier2:qimen:term:shangmen","伤门","shāngmén","奇门遁甲","—","傷門","상문","Thương Môn","cửa thương","Puerta de Herida","汉字文化圈术语：ja/ko 保留汉字原词、vi 用汉越词、th 音译、es 西语意译（首见处附拼音），待母语复核。","filled"
"tier2:qimen:term:dumen","杜门","dùmén","奇门遁甲","—","杜門","도문","Đỗ Môn","cửa độ","Puerta de Cierre","汉字文化圈术语：ja/ko 保留汉字原词、vi 用汉越词、th 音译、es 西语意译（首见处附拼音），待母语复核。","filled"
"tier2:qimen:term:jingmen","景门","jǐngmén","奇门遁甲","—","景門","경문","Cảnh Môn","cửa cảnh","Puerta de Escena","汉字文化圈术语：ja/ko 保留汉字原词、vi 用汉越词、th 音译、es 西语意译（首见处附拼音），待母语复核。","filled"
"tier2:qimen:term:simen","死门","sǐmén","奇门遁甲","—","死門","사문","Tử Môn","cửa tử","Puerta de Muerte","汉字文化圈术语：ja/ko 保留汉字原词、vi 用汉越词、th 音译、es 西语意译（首见处附拼音），待母语复核。","filled"
"tier2:qimen:term:jingmen_2","惊门","jīngmén","奇门遁甲","—","驚門","경문","Kinh Môn","cửa kinh","Puerta de Sorpresa","汉字文化圈术语：ja/ko 保留汉字原词、vi 用汉越词、th 音译、es 西语意译（首见处附拼音），待母语复核。","filled"
"tier2:qimen:term:kaimen","开门","kāimén","奇门遁甲","—","開門","개문","Khởi Môn","cửa khai","Puerta de Apertura","汉字文化圈术语：ja/ko 保留汉字原词、vi 用汉越词、th 音译、es 西语意译（首见处附拼音），待母语复核。","filled"
"tier2:qimen:term:zhifu","值符","zhífú","奇门遁甲","—","値符","치부","Trị Phù","trực phù","Sello de Valor","汉字文化圈术语：ja/ko 保留汉字原词、vi 用汉越词、th 音译、es 西语意译（首见处附拼音），待母语复核。","filled"
"qimen:term:tengshe","螣蛇","téngshé","奇门遁甲","Tengshe","螣蛇","등사","Đằng Xà","เติ้งเสอ","Tengshe","Sino-xenic 定读(ja/ko/vi)+pinyin 通行(en/es)+th 音译或意译；待母语复核","filled"
"qimen:term:taiyin","太阴","tàiyīn","奇门遁甲","Taiyin (Moon)","太陰","태음","Thái Âm","ไท่อิน","Taiyin (Luna)","Sino-xenic 定读(ja/ko/vi)+pinyin 通行(en/es)+th 音译或意译；待母语复核","filled"
"qimen:term:liuhe","六合","liùhé","奇门遁甲","—","—","—","—","—","—","汉字文化圈术语：ja/ko 保留汉字原词、vi 用汉越词、th 音译、es 西语意译（首见处附拼音），待母语复核。","filled"
"qimen:term:baihu","白虎","báihǔ","奇门遁甲","White Tiger","白虎","백호","Bạch Hổ","ไป๋หู","Tigre Blanco","Sino-xenic 定读(ja/ko/vi)+pinyin 通行(en/es)+th 音译或意译；待母语复核","filled"
"qimen:term:xuanwu","玄武","xuánwǔ","奇门遁甲","Xuanwu","玄武","현무","Huyền Vũ","เสวียนอู่","Xuanwu","Sino-xenic 定读(ja/ko/vi)+pinyin 通行(en/es)+th 音译或意译；待母语复核","filled"
"tier2:qimen:term:jiudi","九地","jiǔdì","奇门遁甲","—","—","구지","Cửu Địa","cửu địa","Nueve Tierras","汉字文化圈术语：ja/ko 保留汉字原词、vi 用汉越词、th 音译、es 西语意译（首见处附拼音），待母语复核。","filled"
"tier2:qimen:term:jiutian","九天","jiǔtiān","奇门遁甲","—","—","구천","Cửu Thiên","cửu thiên","Nueve Cielos","汉字文化圈术语：ja/ko 保留汉字原词、vi 用汉越词、th 音译、es 西语意译（首见处附拼音），待母语复核。","filled"
"tier2:liuren:term:guiren","贵人","guìrén","六壬","—","貴人","귀인","Quý Nhân","quý nhân","Noble","汉字文化圈术语：ja/ko 保留汉字原词、vi 用汉越词、th 音译、es 西语意译（首见处附拼音），待母语复核。","filled"
"liuren:term:tengshe","螣蛇","téngshé","六壬","Tengshe","螣蛇","등사","Đằng Xà","เติ้งเสอ","Tengshe","Sino-xenic 定读(ja/ko/vi)+pinyin 通行(en/es)+th 音译或意译；待母语复核","filled"
"liuren:term:zhuque","朱雀","zhūquè","六壬","Vermilion Bird","朱雀","주작","Chu Tước","จูเชว่","Ave Bermellón","Sino-xenic 定读(ja/ko/vi)+pinyin 通行(en/es)+th 音译或意译；待母语复核","filled"
"tier2:qimen:term:liuhe","六合","liùhé","六壬","—","—","육합","Lục Hợp","lục hợp","Seis Armonías","汉字文化圈术语：ja/ko 保留汉字原词、vi 用汉越词、th 音译、es 西语意译（首见处附拼音），待母语复核。","filled"
"liuren:term:gouchen","勾陈","gōuchén","六壬","Gouchen","勾陳","구진","Câu Trần","โกวเฉิน","Gouchen","Sino-xenic 定读(ja/ko/vi)+pinyin 通行(en/es)+th 音译或意译；待母语复核","filled"
"liuren:term:qinglong","青龙","qīnglóng","六壬","Azure Dragon","青龍","청룡","Thanh Long","ชิงหลง","Dragón Azul","Sino-xenic 定读(ja/ko/vi)+pinyin 通行(en/es)+th 音译或意译；待母语复核","filled"
"tier2:ziwei:star:tiankong","天空","tiānkōng","六壬","—","—","천공","Thiên Không","thiên không","Cielo Vacío","汉字文化圈术语：ja/ko 保留汉字原词、vi 用汉越词、th 音译、es 西语意译（首见处附拼音），待母语复核。","filled"
"liuren:term:baihu","白虎","báihǔ","六壬","White Tiger","白虎","백호","Bạch Hổ","ไป๋หู","Tigre Blanco","Sino-xenic 定读(ja/ko/vi)+pinyin 通行(en/es)+th 音译或意译；待母语复核","filled"
"tier2:liuren:term:taichang","太常","tàicháng","六壬","—","—","태상","Thái Thường","thái thường","Gran Común","汉字文化圈术语：ja/ko 保留汉字原词、vi 用汉越词、th 音译、es 西语意译（首见处附拼音），待母语复核。","filled"
"liuren:term:xuanwu","玄武","xuánwǔ","六壬","Xuanwu","玄武","현무","Huyền Vũ","เสวียนอู่","Xuanwu","Sino-xenic 定读(ja/ko/vi)+pinyin 通行(en/es)+th 音译或意译；待母语复核","filled"
"liuren:term:taiyin","太阴","tàiyīn","六壬","Taiyin (Moon)","太陰","태음","Thái Âm","ไท่อิน","Taiyin (Luna)","Sino-xenic 定读(ja/ko/vi)+pinyin 通行(en/es)+th 音译或意译；待母语复核","filled"
"tier2:liuren:term:tianhou","天后","tiānhòu","六壬","—","—","천후","Thiên Hậu","thiên hậu","Reina del Cielo","汉字文化圈术语：ja/ko 保留汉字原词、vi 用汉越词、th 音译、es 西语意译（首见处附拼音），待母语复核。","filled"
"calendar:jieqi:lichun","立春","lìchūn","节气","Beginning of Spring","立春","입춘","Lập Xuân","ลี่ชุน","Comienzo de la primavera","Sino-xenic 定读(ja/ko/vi)+pinyin 通行(en/es)+th 音译或意译；待母语复核","filled"
"calendar:jieqi:yushui","雨水","yǔshuǐ","节气","Rain Water","雨水","우수","Vũ Thủy","อวี่สุ่ย","Agua de lluvia","Sino-xenic 定读(ja/ko/vi)+pinyin 通行(en/es)+th 音译或意译；待母语复核","filled"
"calendar:jieqi:jingzhe","惊蛰","jīngzhé","节气","Awakening of Insects","啓蟄","경칩","Kinh Trập","จิงเจอ","Despertar de los insectos","Sino-xenic 定读(ja/ko/vi)+pinyin 通行(en/es)+th 音译或意译；待母语复核","filled"
"calendar:jieqi:chunfen","春分","chūnfēn","节气","Spring Equinox","春分","춘분","Xuân Phân","ชุนเฟิน","Equinoccio de primavera","Sino-xenic 定读(ja/ko/vi)+pinyin 通行(en/es)+th 音译或意译；待母语复核","filled"
"calendar:jieqi:qingming","清明","qīngmíng","节气","Pure Brightness","清明","청명","Thanh Minh","ชิงหมิง","Claridad pura","Sino-xenic 定读(ja/ko/vi)+pinyin 通行(en/es)+th 音译或意译；待母语复核","filled"
"calendar:jieqi:guyu","谷雨","gǔyǔ","节气","Grain Rain","穀雨","곡우","Cốc Vũ","กูอวี่","Lluvia de grano","Sino-xenic 定读(ja/ko/vi)+pinyin 通行(en/es)+th 音译或意译；待母语复核","filled"
"calendar:jieqi:lixia","立夏","lìxià","节气","Beginning of Summer","立夏","입하","Lập Hạ","ลี่เซี่ย","Comienzo del verano","Sino-xenic 定读(ja/ko/vi)+pinyin 通行(en/es)+th 音译或意译；待母语复核","filled"
"calendar:jieqi:xiaoman","小满","xiǎomǎn","节气","Grain Buds","小満","소만","Tiểu Mãn","เสี่ยวหมาน","Llenitud de granos","Sino-xenic 定读(ja/ko/vi)+pinyin 通行(en/es)+th 音译或意译；待母语复核","filled"
"calendar:jieqi:mangzhong","芒种","mángzhòng","节气","Grain in Ear","芒種","망종","Mang Chủng","หมางจ้อง","Granos con espiga","Sino-xenic 定读(ja/ko/vi)+pinyin 通行(en/es)+th 音译或意译；待母语复核","filled"
"calendar:jieqi:xiazhi","夏至","xiàzhì","节气","Summer Solstice","夏至","하지","Hạ Chí","เซี่ยจื้อ","Solsticio de verano","Sino-xenic 定读(ja/ko/vi)+pinyin 通行(en/es)+th 音译或意译；待母语复核","filled"
"calendar:jieqi:xiaoshu","小暑","xiǎoshǔ","节气","Minor Heat","小暑","소서","Tiểu Thử","เสี่ยวฉู่","Calor menor","Sino-xenic 定读(ja/ko/vi)+pinyin 通行(en/es)+th 音译或意译；待母语复核","filled"
"calendar:jieqi:dashu","大暑","dàshǔ","节气","Major Heat","大暑","대서","Đại Thử","ต้าฉู่","Calor mayor","Sino-xenic 定读(ja/ko/vi)+pinyin 通行(en/es)+th 音译或意译；待母语复核","filled"
"calendar:jieqi:liqiu","立秋","lìqiū","节气","Beginning of Autumn","立秋","입추","Lập Thu","ลี่ชิว","Comienzo del otoño","Sino-xenic 定读(ja/ko/vi)+pinyin 通行(en/es)+th 音译或意译；待母语复核","filled"
"calendar:jieqi:chushu","处暑","chǔshǔ","节气","End of Heat","処暑","처서","Xử Thử","ฉู่ฉู่","Fin del calor","Sino-xenic 定读(ja/ko/vi)+pinyin 通行(en/es)+th 音译或意译；待母语复核","filled"
"calendar:jieqi:bailu","白露","báilù","节气","White Dew","白露","백로","Bạch Lộ","ไป๋ลู่","Rocío blanco","Sino-xenic 定读(ja/ko/vi)+pinyin 通行(en/es)+th 音译或意译；待母语复核","filled"
"calendar:jieqi:qiufen","秋分","qiūfēn","节气","Autumn Equinox","秋分","추분","Thu Phân","ชิวเฟิน","Equinoccio de otoño","Sino-xenic 定读(ja/ko/vi)+pinyin 通行(en/es)+th 音译或意译；待母语复核","filled"
"calendar:jieqi:hanlu","寒露","hánlù","节气","Cold Dew","寒露","한로","Hàn Lộ","หานลู่","Rocío frío","Sino-xenic 定读(ja/ko/vi)+pinyin 通行(en/es)+th 音译或意译；待母语复核","filled"
"calendar:jieqi:shuangjiang","霜降","shuāngjiàng","节气","Frost's Descent","霜降","상강","Sương Giáng","ซวางเจี้ยง","Descenso de escarcha","Sino-xenic 定读(ja/ko/vi)+pinyin 通行(en/es)+th 音译或意译；待母语复核","filled"
"calendar:jieqi:lidong","立冬","lìdōng","节气","Beginning of Winter","立冬","입동","Lập Đông","ลี่ตง","Comienzo del invierno","Sino-xenic 定读(ja/ko/vi)+pinyin 通行(en/es)+th 音译或意译；待母语复核","filled"
"calendar:jieqi:xiaoxue","小雪","xiǎoxuě","节气","Minor Snow","小雪","소설","Tiểu Tuyết","เสี่ยวเสวี่ย","Nieve menor","Sino-xenic 定读(ja/ko/vi)+pinyin 通行(en/es)+th 音译或意译；待母语复核","filled"
"calendar:jieqi:daxue","大雪","dàxuě","节气","Major Snow","大雪","대설","Đại Tuyết","ต้าเสวี่ย","Nieve mayor","Sino-xenic 定读(ja/ko/vi)+pinyin 通行(en/es)+th 音译或意译；待母语复核","filled"
"calendar:jieqi:dongzhi","冬至","dōngzhì","节气","Winter Solstice","冬至","동지","Đông Chí","ตงจื้อ","Solsticio de invierno","Sino-xenic 定读(ja/ko/vi)+pinyin 通行(en/es)+th 音译或意译；待母语复核","filled"
"calendar:jieqi:xiaohan","小寒","xiǎohán","节气","Minor Cold","小寒","소한","Tiểu Hàn","เสี่ยวหาน","Frío menor","Sino-xenic 定读(ja/ko/vi)+pinyin 通行(en/es)+th 音译或意译；待母语复核","filled"
"calendar:jieqi:dahan","大寒","dàhán","节气","Major Cold","大寒","대한","Đại Hàn","ต้าหาน","Frío mayor","Sino-xenic 定读(ja/ko/vi)+pinyin 通行(en/es)+th 音译或意译；待母语复核","filled"
"tier2:calendar:zeri:jian","建","jiàn","择日","—","—","건","Kiến","kiến","Construir","汉字文化圈术语：ja/ko 保留汉字原词、vi 用汉越词、th 音译、es 西语意译（首见处附拼音），待母语复核。","filled"
"tier2:calendar:zeri:chu","除","chú","择日","—","—","제","Trừ","trừ","Eliminar","汉字文化圈术语：ja/ko 保留汉字原词、vi 用汉越词、th 音译、es 西语意译（首见处附拼音），待母语复核。","filled"
"tier2:calendar:zeri:man","满","mǎn","择日","—","—","만","Mãn","mãn","Llenar","汉字文化圈术语：ja/ko 保留汉字原词、vi 用汉越词、th 音译、es 西语意译（首见处附拼音），待母语复核。","filled"
"tier2:calendar:zeri:ping","平","píng","择日","—","—","평","Bình","bình","Aplanar","汉字文化圈术语：ja/ko 保留汉字原词、vi 用汉越词、th 音译、es 西语意译（首见处附拼音），待母语复核。","filled"
"tier2:calendar:zeri:ding","定","dìng","择日","—","—","정","Định","định","Fijar","汉字文化圈术语：ja/ko 保留汉字原词、vi 用汉越词、th 音译、es 西语意译（首见处附拼音），待母语复核。","filled"
"tier2:calendar:zeri:zhi","执","zhí","择日","—","—","집","Trực","chấp","Sostener","汉字文化圈术语：ja/ko 保留汉字原词、vi 用汉越词、th 音译、es 西语意译（首见处附拼音），待母语复核。","filled"
"tier2:calendar:zeri:po","破","pò","择日","—","—","파","Phá","phá","Romper","汉字文化圈术语：ja/ko 保留汉字原词、vi 用汉越词、th 音译、es 西语意译（首见处附拼音），待母语复核。","filled"
"tier2:calendar:zeri:wei","危","wēi","择日","—","—","위","Nguy","nguy","Peligro","汉字文化圈术语：ja/ko 保留汉字原词、vi 用汉越词、th 音译、es 西语意译（首见处附拼音），待母语复核。","filled"
"tier2:calendar:zeri:cheng","成","chéng","择日","—","—","성","Thành","thành","Lograr","汉字文化圈术语：ja/ko 保留汉字原词、vi 用汉越词、th 音译、es 西语意译（首见处附拼音），待母语复核。","filled"
"tier2:calendar:zeri:shou","收","shōu","择日","—","—","수","Thu","thu","Recoger","汉字文化圈术语：ja/ko 保留汉字原词、vi 用汉越词、th 音译、es 西语意译（首见处附拼音），待母语复核。","filled"
"tier2:calendar:zeri:kai","开","kāi","择日","—","—","개","Khởi","khai","Abrir","汉字文化圈术语：ja/ko 保留汉字原词、vi 用汉越词、th 音译、es 西语意译（首见处附拼音），待母语复核。","filled"
"tier2:calendar:zeri:bi","闭","bì","择日","—","—","폐","Bế","bế","Cerrar","汉字文化圈术语：ja/ko 保留汉字原词、vi 用汉越词、th 音译、es 西语意译（首见处附拼音），待母语复核。","filled"
"calendar:zeri:qinglong","青龙","qīnglóng","择日","Azure Dragon","青龍","청룡","Thanh Long","ชิงหลง","Dragón Azul","Sino-xenic 定读(ja/ko/vi)+pinyin 通行(en/es)+th 音译或意译；待母语复核","filled"
"tier2:calendar:zeri:mingtang","明堂","míngtáng","择日","—","—","명당","Minh Đường","minh đường","Pabellón Claro","汉字文化圈术语：ja/ko 保留汉字原词、vi 用汉越词、th 音译、es 西语意译（首见处附拼音），待母语复核。","filled"
"tier2:ziwei:star:tianxing","天刑","tiānxíng","择日","—","—","천형","Thiên Hình","thiên hình","Castigo Celestial","汉字文化圈术语：ja/ko 保留汉字原词、vi 用汉越词、th 音译、es 西语意译（首见处附拼音），待母语复核。","filled"
"calendar:zeri:zhuque","朱雀","zhūquè","择日","Vermilion Bird","朱雀","주작","Chu Tước","จูเชว่","Ave Bermellón","Sino-xenic 定读(ja/ko/vi)+pinyin 通行(en/es)+th 音译或意译；待母语复核","filled"
"tier2:calendar:zeri:jingui","金匮","jīnguì","择日","—","金匱","금규","Kim Quy","kim quý","Cofre de Oro","汉字文化圈术语：ja/ko 保留汉字原词、vi 用汉越词、th 音译、es 西语意译（首见处附拼音），待母语复核。","filled"
"calendar:zeri:tiande","天德","tiāndé","择日","Heavenly Virtue","天德貴人","천덕귀인","Thiên Đức Quý Nhân","เทียนเต๋อกุยเหริน","Virtud Celestial","Sino-xenic 定读(ja/ko/vi)+pinyin 通行(en/es)+th 音译或意译；待母语复核","filled"
"calendar:zeri:baihu","白虎","báihǔ","择日","White Tiger","白虎","백호","Bạch Hổ","ไป๋หู","Tigre Blanco","Sino-xenic 定读(ja/ko/vi)+pinyin 通行(en/es)+th 音译或意译；待母语复核","filled"
"tier2:calendar:zeri:yutang","玉堂","yùtáng","择日","—","—","옥당","Ngọc Đường","ngọc đường","Pabellón de Jade","汉字文化圈术语：ja/ko 保留汉字原词、vi 用汉越词、th 音译、es 西语意译（首见处附拼音），待母语复核。","filled"
"tier2:calendar:zeri:tianlao","天牢","tiānláo","择日","—","—","천루","Thiên Lao","thiên lao","Prisión Celestial","汉字文化圈术语：ja/ko 保留汉字原词、vi 用汉越词、th 音译、es 西语意译（首见处附拼音），待母语复核。","filled"
"calendar:zeri:xuanwu","玄武","xuánwǔ","择日","Xuanwu","玄武","현무","Huyền Vũ","เสวียนอู่","Xuanwu","Sino-xenic 定读(ja/ko/vi)+pinyin 通行(en/es)+th 音译或意译；待母语复核","filled"
"tier2:calendar:zeri:siming","司命","sīmìng","择日","—","—","사명","Tư Mệnh","tư mệnh","Gobernador de la Vida","汉字文化圈术语：ja/ko 保留汉字原词、vi 用汉越词、th 音译、es 西语意译（首见处附拼音），待母语复核。","filled"
"calendar:zeri:gouchen","勾陈","gōuchén","择日","Gouchen","勾陳","구진","Câu Trần","โกวเฉิน","Gouchen","Sino-xenic 定读(ja/ko/vi)+pinyin 通行(en/es)+th 音译或意译；待母语复核","filled"
"tier2:fengshui:sanyuan:yiyunkan","一运坎","yīyùnkǎn","三元九运","—","一運坎","일운 감","Vận 1 Càn","vận nhất căn","Primer ciclo Kan","汉字文化圈术语：ja/ko 保留汉字原词、vi 用汉越词、th 音译、es 西语意译（首见处附拼音），待母语复核。","filled"
"tier2:fengshui:sanyuan:eryunkun","二运坤","èryùnkūn","三元九运","—","二運坤","이운 곤","Vận 2 Khôn","vận nhị khôn","Segundo ciclo Kun","汉字文化圈术语：ja/ko 保留汉字原词、vi 用汉越词、th 音译、es 西语意译（首见处附拼音），待母语复核。","filled"
"tier2:fengshui:sanyuan:sanyunzhen","三运震","sānyùnzhèn","三元九运","—","三運震","삼운 진","Vận 3 Chấn","vận tam chấn","Tercer ciclo Zhen","汉字文化圈术语：ja/ko 保留汉字原词、vi 用汉越词、th 音译、es 西语意译（首见处附拼音），待母语复核。","filled"
"tier2:fengshui:sanyuan:siyunxun","四运巽","sìyùnxùn","三元九运","—","四運巽","사운 손","Vận 4 Tốn","vận tứ tuấn","Cuarto ciclo Xun","汉字文化圈术语：ja/ko 保留汉字原词、vi 用汉越词、th 音译、es 西语意译（首见处附拼音），待母语复核。","filled"
"tier2:fengshui:sanyuan:wuyunzhong","五运中","wǔyùnzhōng","三元九运","—","五運中","오운 중","Vận 5 Trung","vận ngũ trung","Quinto ciclo Zhong","汉字文化圈术语：ja/ko 保留汉字原词、vi 用汉越词、th 音译、es 西语意译（首见处附拼音），待母语复核。","filled"
"tier2:fengshui:sanyuan:liuyunqian","六运乾","liùyùnqián","三元九运","—","六運乾","육운 건","Vận 6 Càn","vận lục thiên","Sexto ciclo Qian","汉字文化圈术语：ja/ko 保留汉字原词、vi 用汉越词、th 音译、es 西语意译（首见处附拼音），待母语复核。","filled"
"tier2:fengshui:sanyuan:qiyundui","七运兑","qīyùnduì","三元九运","—","七運兌","칠운 대","Vận 7 Đoài","vận thất đoái","Séptimo ciclo Dui","汉字文化圈术语：ja/ko 保留汉字原词、vi 用汉越词、th 音译、es 西语意译（首见处附拼音），待母语复核。","filled"
"tier2:fengshui:sanyuan:bayungen","八运艮","bāyùngèn","三元九运","—","八運艮","팔운 곤","Vận 8 Cấn","vận bát cấn","Octavo ciclo Gen","汉字文化圈术语：ja/ko 保留汉字原词、vi 用汉越词、th 音译、es 西语意译（首见处附拼音），待母语复核。","filled"
"tier2:fengshui:sanyuan:jiuyunli","九运离","jiǔyùnlí","三元九运","—","九運離","구운 이","Vận 9 Ly","vận cửu ly","Noveno ciclo Li","汉字文化圈术语：ja/ko 保留汉字原词、vi 用汉越词、th 音译、es 西语意译（首见处附拼音），待母语复核。","filled"
"tier2:fengshui:shan24:zishan","子山","zǐshān","二十四山","—","—","자산","Tý Sơn","tử sơn","Monte Zi","汉字文化圈术语：ja/ko 保留汉字原词、vi 用汉越词、th 音译、es 西语意译（首见处附拼音），待母语复核。","filled"
"tier2:fengshui:shan24:guishan","癸山","guǐshān","二十四山","—","—","규산","Quý Sơn","quý sơn","Monte Gui","汉字文化圈术语：ja/ko 保留汉字原词、vi 用汉越词、th 音译、es 西语意译（首见处附拼音），待母语复核。","filled"
"tier2:fengshui:shan24:choushan","丑山","chǒushān","二十四山","—","—","추산","Sửu Sơn","sấu sơn","Monte Chou","汉字文化圈术语：ja/ko 保留汉字原词、vi 用汉越词、th 音译、es 西语意译（首见处附拼音），待母语复核。","filled"
"tier2:fengshui:shan24:genshan","艮山","gènshān","二十四山","—","—","곤산","Cấn Sơn","cấn sơn","Monte Gen","汉字文化圈术语：ja/ko 保留汉字原词、vi 用汉越词、th 音译、es 西语意译（首见处附拼音），待母语复核。","filled"
"tier2:fengshui:shan24:yinshan","寅山","yínshān","二十四山","—","—","인산","Dần Sơn","dân sơn","Monte Yin","汉字文化圈术语：ja/ko 保留汉字原词、vi 用汉越词、th 音译、es 西语意译（首见处附拼音），待母语复核。","filled"
"tier2:fengshui:shan24:jiashan","甲山","jiǎshān","二十四山","—","—","갑산","Giáp Sơn","giáp sơn","Monte Jia","汉字文化圈术语：ja/ko 保留汉字原词、vi 用汉越词、th 音译、es 西语意译（首见处附拼音），待母语复核。","filled"
"tier2:fengshui:shan24:maoshan","卯山","mǎoshān","二十四山","—","—","묘산","Mão Sơn","mão sơn","Monte Mao","汉字文化圈术语：ja/ko 保留汉字原词、vi 用汉越词、th 音译、es 西语意译（首见处附拼音），待母语复核。","filled"
"tier2:fengshui:shan24:yishan","乙山","yǐshān","二十四山","—","—","을산","Ất Sơn","ất sơn","Monte Yi","汉字文化圈术语：ja/ko 保留汉字原词、vi 用汉越词、th 音译、es 西语意译（首见处附拼音），待母语复核。","filled"
"tier2:fengshui:shan24:chenshan","辰山","chénshān","二十四山","—","—","진산","Thìn Sơn","thìn sơn","Monte Chen","汉字文化圈术语：ja/ko 保留汉字原词、vi 用汉越词、th 音译、es 西语意译（首见处附拼音），待母语复核。","filled"
"tier2:fengshui:shan24:xunshan","巽山","xùnshān","二十四山","—","—","손산","Tốn Sơn","tuấn sơn","Monte Xun","汉字文化圈术语：ja/ko 保留汉字原词、vi 用汉越词、th 音译、es 西语意译（首见处附拼音），待母语复核。","filled"
"tier2:fengshui:shan24:sishan","巳山","sìshān","二十四山","—","—","사산","Tỵ Sơn","tỵ sơn","Monte Si","汉字文化圈术语：ja/ko 保留汉字原词、vi 用汉越词、th 音译、es 西语意译（首见处附拼音），待母语复核。","filled"
"tier2:fengshui:shan24:bingshan","丙山","bǐngshān","二十四山","—","—","병산","Bính Sơn","bính sơn","Monte Bing","汉字文化圈术语：ja/ko 保留汉字原词、vi 用汉越词、th 音译、es 西语意译（首见处附拼音），待母语复核。","filled"
"tier2:fengshui:shan24:wushan","午山","wǔshān","二十四山","—","—","오산","Ngọ Sơn","ngọ sơn","Monte Wu","汉字文化圈术语：ja/ko 保留汉字原词、vi 用汉越词、th 音译、es 西语意译（首见处附拼音），待母语复核。","filled"
"tier2:fengshui:shan24:dingshan","丁山","dīngshān","二十四山","—","—","정산","Đinh Sơn","đinh sơn","Monte Ding","汉字文化圈术语：ja/ko 保留汉字原词、vi 用汉越词、th 音译、es 西语意译（首见处附拼音），待母语复核。","filled"
"tier2:fengshui:shan24:weishan","未山","wèishān","二十四山","—","—","미산","Mùi Sơn","vị sơn","Monte Wei","汉字文化圈术语：ja/ko 保留汉字原词、vi 用汉越词、th 音译、es 西语意译（首见处附拼音），待母语复核。","filled"
"tier2:fengshui:shan24:kunshan","坤山","kūnshān","二十四山","—","—","곤산","Khôn Sơn","khôn sơn","Monte Kun","汉字文化圈术语：ja/ko 保留汉字原词、vi 用汉越词、th 音译、es 西语意译（首见处附拼音），待母语复核。","filled"
"tier2:fengshui:shan24:shenshan","申山","shēnshān","二十四山","—","—","신산","Thân Sơn","thân sơn","Monte Shen","汉字文化圈术语：ja/ko 保留汉字原词、vi 用汉越词、th 音译、es 西语意译（首见处附拼音），待母语复核。","filled"
"tier2:fengshui:shan24:gengshan","庚山","gēngshān","二十四山","—","—","경산","Canh Sơn","canh sơn","Monte Geng","汉字文化圈术语：ja/ko 保留汉字原词、vi 用汉越词、th 音译、es 西语意译（首见处附拼音），待母语复核。","filled"
"tier2:fengshui:shan24:youshan","酉山","yǒushān","二十四山","—","—","유산","Dậu Sơn","dậu sơn","Monte You","汉字文化圈术语：ja/ko 保留汉字原词、vi 用汉越词、th 音译、es 西语意译（首见处附拼音），待母语复核。","filled"
"tier2:fengshui:shan24:xinshan","辛山","xīnshān","二十四山","—","—","신산","Tân Sơn","tân sơn","Monte Xin","汉字文化圈术语：ja/ko 保留汉字原词、vi 用汉越词、th 音译、es 西语意译（首见处附拼音），待母语复核。","filled"
"tier2:fengshui:shan24:xushan","戌山","xūshān","二十四山","—","—","술산","Tuất Sơn","tuất sơn","Monte Xu","汉字文化圈术语：ja/ko 保留汉字原词、vi 用汉越词、th 音译、es 西语意译（首见处附拼音），待母语复核。","filled"
"tier2:fengshui:shan24:qianshan","乾山","qiánshān","二十四山","—","—","건산","Càn Sơn","thiên sơn","Monte Qian","汉字文化圈术语：ja/ko 保留汉字原词、vi 用汉越词、th 音译、es 西语意译（首见处附拼音），待母语复核。","filled"
"tier2:fengshui:shan24:haishan","亥山","hàishān","二十四山","—","—","해산","Hợi Sơn","hợi sơn","Monte Hai","汉字文化圈术语：ja/ko 保留汉字原词、vi 用汉越词、th 音译、es 西语意译（首见处附拼音），待母语复核。","filled"
"tier2:fengshui:shan24:renshan","壬山","rénshān","二十四山","—","—","임산","Nhâm Sơn","nhân sơn","Monte Ren","汉字文化圈术语：ja/ko 保留汉字原词、vi 用汉越词、th 音译、es 西语意译（首见处附拼音），待母语复核。","filled"
"tier2:fengshui:term:xunlong","寻龙","xúnlóng","风水","—","尋龍","심룡","Tầm Long","tầm long","Buscar el Dragón","汉字文化圈术语：ja/ko 保留汉字原词、vi 用汉越词、th 音译、es 西语意译（首见处附拼音），待母语复核。","filled"
"tier2:fengshui:term:dianxue","点穴","diǎnxué","风水","—","—","점혈","Điểm Huyệt","điểm huyệt","Marcar la Fosa","汉字文化圈术语：ja/ko 保留汉字原词、vi 用汉越词、th 音译、es 西语意译（首见处附拼音），待母语复核。","filled"
"tier2:fengshui:term:chasha","察砂","cháshā","风水","—","—","찰사","Sát Sa","sát sa","Observar la Arena","汉字文化圈术语：ja/ko 保留汉字原词、vi 用汉越词、th 音译、es 西语意译（首见处附拼音），待母语复核。","filled"
"tier2:fengshui:term:mishui","觅水","mìshuǐ","风水","—","覓水","멱수","Mịch Thủy","mịch thủy","Buscar el Agua","汉字文化圈术语：ja/ko 保留汉字原词、vi 用汉越词、th 音译、es 西语意译（首见处附拼音），待母语复核。","filled"
"tier2:fengshui:term:lixiang","立向","lìxiàng","风水","—","—","립향","Lập Hướng","lập hướng","Establecer la Dirección","汉字文化圈术语：ja/ko 保留汉字原词、vi 用汉越词、th 音译、es 西语意译（首见处附拼音），待母语复核。","filled"
"ziwei:palace:xiongdigong","兄弟宫","xiōngdìgōng","十二宫","Siblings Palace","兄弟宮","형제궁","Huynh Đệ Cung","กงพี่น้อง","Palacio de los Hermanos","Sino-xenic 定读(ja/ko/vi)+pinyin 通行(en/es)+th 音译或意译；待母语复核","filled"
"ziwei:palace:fuqigong","夫妻宫","fūqīgōng","十二宫","Spouse Palace","夫妻宮","부처궁","Phu Thê Cung","กงคู่สมรส","Palacio del Cónyuge","Sino-xenic 定读(ja/ko/vi)+pinyin 通行(en/es)+th 音译或意译；待母语复核","filled"
"ziwei:palace:zinugong","子女宫","zǐnǚgōng","十二宫","Children Palace","子女宮","자녀궁","Tử Tức Cung","กงบุตร","Palacio de los Hijos","Sino-xenic 定读(ja/ko/vi)+pinyin 通行(en/es)+th 音译或意译；待母语复核","filled"
"ziwei:palace:caibogong","财帛宫","cáibógōng","十二宫","Wealth Palace","財帛宮","재백궁","Tài Bạch Cung","กงทรัพย์","Palacio de la Riqueza","Sino-xenic 定读(ja/ko/vi)+pinyin 通行(en/es)+th 音译或意译；待母语复核","filled"
"ziwei:palace:jiegong","疾厄宫","jíègōng","十二宫","Health Palace","疾厄宮","질액궁","Tật Ách Cung","กงสุขภาพ","Palacio de la Salud","Sino-xenic 定读(ja/ko/vi)+pinyin 通行(en/es)+th 音译或意译；待母语复核","filled"
"ziwei:palace:qianyigong","迁移宫","qiānyígōng","十二宫","Travel Palace","遷移宮","천이궁","Thiên Di Cung","กงการเดินทาง","Palacio de los Viajes","Sino-xenic 定读(ja/ko/vi)+pinyin 通行(en/es)+th 音译或意译；待母语复核","filled"
"ziwei:palace:jiaoyougong","交友宫","jiāoyǒugōng","十二宫","Friends Palace","交友宮","교우궁","Nô Bộc Cung","กงมิตร","Palacio de los Amigos","Sino-xenic 定读(ja/ko/vi)+pinyin 通行(en/es)+th 音译或意译；待母语复核","filled"
"ziwei:palace:guanlugong","官禄宫","guānlùgōng","十二宫","Career Palace","官祿宮","관록궁","Quan Lộc Cung","กงอาชีพ","Palacio de la Carrera","Sino-xenic 定读(ja/ko/vi)+pinyin 通行(en/es)+th 音译或意译；待母语复核","filled"
"ziwei:palace:tianzhaigong","田宅宫","tiánzháigōng","十二宫","Property Palace","田宅宮","전택궁","Điền Trạch Cung","กงทรัพย์สิน","Palacio de la Propiedad","Sino-xenic 定读(ja/ko/vi)+pinyin 通行(en/es)+th 音译或意译；待母语复核","filled"
"ziwei:palace:fudegong","福德宫","fúdégōng","十二宫","Fortune Palace","福德宮","복덕궁","Phúc Đức Cung","กงโชคดวง","Palacio de la Fortuna","Sino-xenic 定读(ja/ko/vi)+pinyin 通行(en/es)+th 音译或意译；待母语复核","filled"
"ziwei:palace:fumugong","父母宫","fùmǔgōng","十二宫","Parents Palace","父母宮","부모궁","Phụ Mẫu Cung","กงบิดามารดา","Palacio de los Padres","Sino-xenic 定读(ja/ko/vi)+pinyin 通行(en/es)+th 音译或意译；待母语复核","filled"
"bazi:changsheng:changsheng","长生","chángshēng","十二长生","Changsheng (Birth)","長生","장생","Trường Sinh","ฉางเชิง","Changsheng (Nacimiento)","Sino-xenic 定读(ja/ko/vi)+pinyin 通行(en/es)+th 音译或意译；待母语复核","filled"
"bazi:changsheng:muyu","沐浴","mùyù","十二长生","Muyu (Bath)","沐浴","목욕","Mục Dục","มู่ยู่","Muyu (Baño)","Sino-xenic 定读(ja/ko/vi)+pinyin 通行(en/es)+th 音译或意译；待母语复核","filled"
"bazi:changsheng:guandai","冠带","guāndài","十二长生","Guandai (Cap & Belt)","冠帯","관대","Quan Đới","กวนต้าย","Guandai (Gorra y cinturón)","Sino-xenic 定读(ja/ko/vi)+pinyin 通行(en/es)+th 音译或意译；待母语复核","filled"
"bazi:changsheng:linguan","临官","línguān","十二长生","Linguan (Arrival)","臨官","임관","Lâm Quan","หลินกวน","Linguan (Llegada)","Sino-xenic 定读(ja/ko/vi)+pinyin 通行(en/es)+th 音译或意译；待母语复核","filled"
"bazi:changsheng:diwang","帝旺","dìwàng","十二长生","Diwang (Peak)","帝旺","제왕","Đế Vượng","ตี้หวาง","Diwang (Apogeo)","Sino-xenic 定读(ja/ko/vi)+pinyin 通行(en/es)+th 音译或意译；待母语复核","filled"
"bazi:changsheng:shuai","衰","shuāi","十二长生","Shuai (Decline)","衰","쇠","Suy","ซุย","Shuai (Declive)","Sino-xenic 定读(ja/ko/vi)+pinyin 通行(en/es)+th 音译或意译；待母语复核","filled"
"bazi:changsheng:bing","病","bìng","十二长生","Bing (Sickness)","病","병","Bệnh","ปิ้ง","Bing (Enfermedad)","Sino-xenic 定读(ja/ko/vi)+pinyin 通行(en/es)+th 音译或意译；待母语复核","filled"
"bazi:changsheng:si","死","sǐ","十二长生","Si (Death)","死","사","Tử","ซื่อ","Si (Muerte)","Sino-xenic 定读(ja/ko/vi)+pinyin 通行(en/es)+th 音译或意译；待母语复核","filled"
"bazi:changsheng:mu","墓","mù","十二长生","Mu (Tomb)","墓","묘","Mộ","หมู่","Mu (Tumba)","Sino-xenic 定读(ja/ko/vi)+pinyin 通行(en/es)+th 音译或意译；待母语复核","filled"
"bazi:changsheng:jue","绝","jué","十二长生","Jue (Extinction)","絶","절","Tuyệt","เจวี๋ย","Jue (Extinción)","Sino-xenic 定读(ja/ko/vi)+pinyin 通行(en/es)+th 音译或意译；待母语复核","filled"
"bazi:changsheng:tai","胎","tāi","十二长生","Tai (Womb)","胎","태","Thai","ไท่","Tai (Útero)","Sino-xenic 定读(ja/ko/vi)+pinyin 通行(en/es)+th 音译或意译；待母语复核","filled"
"bazi:changsheng:yang","养","yǎng","十二长生","Yang (Nurture)","養","양","Dưỡng","หยาง","Yang (Nutrición)","Sino-xenic 定读(ja/ko/vi)+pinyin 通行(en/es)+th 音译或意译；待母语复核","filled"
"tier2:fengshui:jiugong:yibaikan","一白坎","yībáikǎn","九宫","—","—","일백 감","1 Bạch Càn","nhất bạch căn","Uno Blanco Kan","汉字文化圈术语：ja/ko 保留汉字原词、vi 用汉越词、th 音译、es 西语意译（首见处附拼音），待母语复核。","filled"
"tier2:fengshui:jiugong:erheikun","二黑坤","èrhēikūn","九宫","—","二黒坤","이흑 곤","2 Hắc Khôn","nhị hắc khôn","Dos Negro Kun","汉字文化圈术语：ja/ko 保留汉字原词、vi 用汉越词、th 音译、es 西语意译（首见处附拼音），待母语复核。","filled"
"tier2:fengshui:jiugong:sanbizhen","三碧震","sānbìzhèn","九宫","—","—","삼벽 진","3 Bích Chấn","tam bích chấn","Tres Verde Zhen","汉字文化圈术语：ja/ko 保留汉字原词、vi 用汉越词、th 音译、es 西语意译（首见处附拼音），待母语复核。","filled"
"tier2:fengshui:jiugong:siluxun","四绿巽","sìlǜxùn","九宫","—","四緑巽","사록 손","4 Lục Tốn","tứ lục tuấn","Cuatro Verde Xun","汉字文化圈术语：ja/ko 保留汉字原词、vi 用汉越词、th 音译、es 西语意译（首见处附拼音），待母语复核。","filled"
"tier2:fengshui:jiugong:wuhuangzhong","五黄中","wǔhuángzhōng","九宫","—","—","오황 중","5 Hoàng Trung","ngũ hoàng trung","Cinco Amarillo Zhong","汉字文化圈术语：ja/ko 保留汉字原词、vi 用汉越词、th 音译、es 西语意译（首见处附拼音），待母语复核。","filled"
"tier2:fengshui:jiugong:liubaiqian","六白乾","liùbáiqián","九宫","—","—","육백 건","6 Bạch Càn","lục bạch thiên","Seis Blanco Qian","汉字文化圈术语：ja/ko 保留汉字原词、vi 用汉越词、th 音译、es 西语意译（首见处附拼音），待母语复核。","filled"
"tier2:fengshui:jiugong:qichidui","七赤兑","qīchìduì","九宫","—","七赤兌","칠적 대","7 Xích Đoài","thất xích đoái","Siete Rojo Dui","汉字文化圈术语：ja/ko 保留汉字原词、vi 用汉越词、th 音译、es 西语意译（首见处附拼音），待母语复核。","filled"
"tier2:fengshui:jiugong:babaigen","八白艮","bābáigèn","九宫","—","—","팔백 곤","8 Bạch Cấn","bát bạch cấn","Ocho Blanco Gen","汉字文化圈术语：ja/ko 保留汉字原词、vi 用汉越词、th 音译、es 西语意译（首见处附拼音），待母语复核。","filled"
"tier2:fengshui:jiugong:jiuzili","九紫离","jiǔzǐlí","九宫","—","九紫離","구자 이","9 Tử Ly","cửu tử ly","Nueve Púrpura Li","汉字文化圈术语：ja/ko 保留汉字原词、vi 用汉越词、th 音译、es 西语意译（首见处附拼音），待母语复核。","filled"
"yijing:bagua:qian","乾","qián","八卦","Qian","乾","건","Càn","เชียน","Qian","Sino-xenic 定读(ja/ko/vi)+pinyin 通行(en/es)+th 音译或意译；待母语复核","filled"
"yijing:bagua:dui","兑","duì","八卦","Dui","兌","태","Đoài","ตุ้ย","Dui","Sino-xenic 定读(ja/ko/vi)+pinyin 通行(en/es)+th 音译或意译；待母语复核","filled"
"yijing:bagua:li","离","lí","八卦","Li","離","리","Ly","ลี่","Li","Sino-xenic 定读(ja/ko/vi)+pinyin 通行(en/es)+th 音译或意译；待母语复核","filled"
"yijing:bagua:zhen","震","zhèn","八卦","Zhen","震","진","Chấn","เจิ้น","Zhen","Sino-xenic 定读(ja/ko/vi)+pinyin 通行(en/es)+th 音译或意译；待母语复核","filled"
"yijing:bagua:xun","巽","xùn","八卦","Xun","巽","손","Tốn","ซวิ้น","Xun","Sino-xenic 定读(ja/ko/vi)+pinyin 通行(en/es)+th 音译或意译；待母语复核","filled"
"yijing:bagua:kan","坎","kǎn","八卦","Kan","坎","감","Khảm","คั่น","Kan","Sino-xenic 定读(ja/ko/vi)+pinyin 通行(en/es)+th 音译或意译；待母语复核","filled"
"yijing:bagua:gen","艮","gèn","八卦","Gen","艮","간","Cấn","เกิ้น","Gen","Sino-xenic 定读(ja/ko/vi)+pinyin 通行(en/es)+th 音译或意译；待母语复核","filled"
"yijing:bagua:kun","坤","kūn","八卦","Kun","坤","곤","Khôn","คุน","Kun","Sino-xenic 定读(ja/ko/vi)+pinyin 通行(en/es)+th 音译或意译；待母语复核","filled"
"tier2:astrology:xiu28:jiaoxiu","角宿","jiǎoxiù","二十八宿","—","—","각수","Giác Tú","giác tú","Constelación Jiao","汉字文化圈术语：ja/ko 保留汉字原词、vi 用汉越词、th 音译、es 西语意译（首见处附拼音），待母语复核。","filled"
"tier2:astrology:xiu28:kangxiu","亢宿","kàngxiù","二十八宿","—","—","항수","Kháng Tú","kháng tú","Constelación Kang","汉字文化圈术语：ja/ko 保留汉字原词、vi 用汉越词、th 音译、es 西语意译（首见处附拼音），待母语复核。","filled"
"tier2:astrology:xiu28:dixiu","氐宿","dīxiù","二十八宿","—","—","제수","Đế Tú","đê tú","Constelación Di","汉字文化圈术语：ja/ko 保留汉字原词、vi 用汉越词、th 音译、es 西语意译（首见处附拼音），待母语复核。","filled"
"tier2:astrology:xiu28:fangxiu","房宿","fángxiù","二十八宿","—","—","방수","Phòng Tú","phòng tú","Constelación Fang","汉字文化圈术语：ja/ko 保留汉字原词、vi 用汉越词、th 音译、es 西语意译（首见处附拼音），待母语复核。","filled"
"tier2:astrology:xiu28:xinxiu","心宿","xīnxìù","二十八宿","—","—","심수","Tâm Tú","tâm tú","Constelación Xin","汉字文化圈术语：ja/ko 保留汉字原词、vi 用汉越词、th 音译、es 西语意译（首见处附拼音），待母语复核。","filled"
"tier2:astrology:xiu28:weixiu","尾宿","wěixìù","二十八宿","—","—","미수","Thủy Tú","vĩ tú","Constelación Wei","汉字文化圈术语：ja/ko 保留汉字原词、vi 用汉越词、th 音译、es 西语意译（首见处附拼音），待母语复核。","filled"
"tier2:astrology:xiu28:jixiu","箕宿","jīxìù","二十八宿","—","—","기수","Kê Tú","kê tú","Constelación Ji","汉字文化圈术语：ja/ko 保留汉字原词、vi 用汉越词、th 音译、es 西语意译（首见处附拼音），待母语复核。","filled"
"tier2:astrology:xiu28:douxiu","斗宿","dǒuxìù","二十八宿","—","—","두수","Đẩu Tú","đẩu tú","Constelación Dou","汉字文化圈术语：ja/ko 保留汉字原词、vi 用汉越词、th 音译、es 西语意译（首见处附拼音），待母语复核。","filled"
"tier2:astrology:xiu28:niuxiu","牛宿","niúxìù","二十八宿","—","—","우수","Ngưu Tú","ngưu tú","Constelación Niu","汉字文化圈术语：ja/ko 保留汉字原词、vi 用汉越词、th 音译、es 西语意译（首见处附拼音），待母语复核。","filled"
"tier2:astrology:xiu28:nuxiu","女宿","nǚxìù","二十八宿","—","—","여수","Nữ Tú","nữ tú","Constelación Nü","汉字文化圈术语：ja/ko 保留汉字原词、vi 用汉越词、th 音译、es 西语意译（首见处附拼音），待母语复核。","filled"
"tier2:astrology:xiu28:xuxiu","虚宿","xūxìù","二十八宿","—","—","허수","Hư Tú","hư tú","Constelación Xu","汉字文化圈术语：ja/ko 保留汉字原词、vi 用汉越词、th 音译、es 西语意译（首见处附拼音），待母语复核。","filled"
"tier2:astrology:xiu28:weixiu_2","危宿","wēixìù","二十八宿","—","—","위수","Nguy Tú","nguy tú","Constelación Wei","汉字文化圈术语：ja/ko 保留汉字原词、vi 用汉越词、th 音译、es 西语意译（首见处附拼音），待母语复核。","filled"
"tier2:astrology:xiu28:shixiu","室宿","shìxìù","二十八宿","—","—","실수","Thất Tú","thất tú","Constelación Shi","汉字文化圈术语：ja/ko 保留汉字原词、vi 用汉越词、th 音译、es 西语意译（首见处附拼音），待母语复核。","filled"
"tier2:astrology:xiu28:bixiu","壁宿","bìxìù","二十八宿","—","—","벽수","Bích Tú","bích tú","Constelación Bi","汉字文化圈术语：ja/ko 保留汉字原词、vi 用汉越词、th 音译、es 西语意译（首见处附拼音），待母语复核。","filled"
"tier2:astrology:xiu28:kuixiu","奎宿","kuíxìù","二十八宿","—","—","규수","Khuê Tú","thôi tú","Constelación Kui","汉字文化圈术语：ja/ko 保留汉字原词、vi 用汉越词、th 音译、es 西语意译（首见处附拼音），待母语复核。","filled"
"tier2:astrology:xiu28:louxiu","娄宿","lóuxìù","二十八宿","—","婁宿","루수","Lâu Tú","lưu tú","Constelación Lou","汉字文化圈术语：ja/ko 保留汉字原词、vi 用汉越词、th 音译、es 西语意译（首见处附拼音），待母语复核。","filled"
"tier2:astrology:xiu28:weixiu_3","胃宿","wèixìù","二十八宿","—","—","위수","Vị Tú","vị tú","Constelación Wei","汉字文化圈术语：ja/ko 保留汉字原词、vi 用汉越词、th 音译、es 西语意译（首见处附拼音），待母语复核。","filled"
"tier2:astrology:xiu28:maoxiu","昴宿","mǎoxìù","二十八宿","—","—","모수","Mão Tú","mão tú","Constelación Mao","汉字文化圈术语：ja/ko 保留汉字原词、vi 用汉越词、th 音译、es 西语意译（首见处附拼音），待母语复核。","filled"
"tier2:astrology:xiu28:bixiu_2","毕宿","bìxìù","二十八宿","—","畢宿","필수","Tịch Tú","tập tú","Constelación Bi","汉字文化圈术语：ja/ko 保留汉字原词、vi 用汉越词、th 音译、es 西语意译（首见处附拼音），待母语复核。","filled"
"tier2:astrology:xiu28:zixiu","觜宿","zīxìù","二十八宿","—","—","자수","Tư Tú","tư tú","Constelación Zi","汉字文化圈术语：ja/ko 保留汉字原词、vi 用汉越词、th 音译、es 西语意译（首见处附拼音），待母语复核。","filled"
"tier2:astrology:xiu28:shenxiu","参宿","shēnxìù","二十八宿","—","—","삼수","Tham Tú","tham tú","Constelación Shen","汉字文化圈术语：ja/ko 保留汉字原词、vi 用汉越词、th 音译、es 西语意译（首见处附拼音），待母语复核。","filled"
"tier2:astrology:xiu28:jingxiu","井宿","jǐngxìù","二十八宿","—","—","정수","Tinh Tú","tỉnh tú","Constelación Jing","汉字文化圈术语：ja/ko 保留汉字原词、vi 用汉越词、th 音译、es 西语意译（首见处附拼音），待母语复核。","filled"
"tier2:astrology:xiu28:guixiu","鬼宿","guǐxìù","二十八宿","—","—","귀수","Quỷ Tú","quỷ tú","Constelación Gui","汉字文化圈术语：ja/ko 保留汉字原词、vi 用汉越词、th 音译、es 西语意译（首见处附拼音），待母语复核。","filled"
"tier2:astrology:xiu28:liuxiu","柳宿","liǔxìù","二十八宿","—","—","류수","Liễu Tú","liễu tú","Constelación Liu","汉字文化圈术语：ja/ko 保留汉字原词、vi 用汉越词、th 音译、es 西语意译（首见处附拼音），待母语复核。","filled"
"tier2:astrology:xiu28:xingxiu","星宿","xīngxìù","二十八宿","—","—","성수","Tinh Tú","tinh tú","Constelación Xing","汉字文化圈术语：ja/ko 保留汉字原词、vi 用汉越词、th 音译、es 西语意译（首见处附拼音），待母语复核。","filled"
"tier2:astrology:xiu28:zhangxiu","张宿","zhāngxìù","二十八宿","—","張宿","장수","Trương Tú","trương tú","Constelación Zhang","汉字文化圈术语：ja/ko 保留汉字原词、vi 用汉越词、th 音译、es 西语意译（首见处附拼音），待母语复核。","filled"
"tier2:astrology:xiu28:yixiu","翼宿","yìxìù","二十八宿","—","—","익수","Yết Tú","dực tú","Constelación Yi","汉字文化圈术语：ja/ko 保留汉字原词、vi 用汉越词、th 音译、es 西语意译（首见处附拼音），待母语复核。","filled"
"tier2:astrology:xiu28:zhenxiu","轸宿","zhěnxìù","二十八宿","—","軫宿","진수","Chẩn Tú","chấn tú","Constelación Zhen","汉字文化圈术语：ja/ko 保留汉字原词、vi 用汉越词、th 音译、es 西语意译（首见处附拼音），待母语复核。","filled"
"bazi:nayin:jiazi","甲子","jiǎzǐ","纳音","—","—","—","—","—","—","汉字文化圈术语：ja/ko 保留汉字原词、vi 用汉越词、th 音译、es 西语意译（首见处附拼音），待母语复核。","filled"
"bazi:nayin:yichou","乙丑","yǐchǒu","纳音","—","—","—","—","—","—","汉字文化圈术语：ja/ko 保留汉字原词、vi 用汉越词、th 音译、es 西语意译（首见处附拼音），待母语复核。","filled"
"bazi:nayin:bingyin","丙寅","bǐngyín","纳音","—","—","—","—","—","—","汉字文化圈术语：ja/ko 保留汉字原词、vi 用汉越词、th 音译、es 西语意译（首见处附拼音），待母语复核。","filled"
"bazi:nayin:dingmao","丁卯","dīngmǎo","纳音","—","—","—","—","—","—","汉字文化圈术语：ja/ko 保留汉字原词、vi 用汉越词、th 音译、es 西语意译（首见处附拼音），待母语复核。","filled"
"bazi:nayin:wuchen","戊辰","wùchén","纳音","—","—","—","—","—","—","汉字文化圈术语：ja/ko 保留汉字原词、vi 用汉越词、th 音译、es 西语意译（首见处附拼音），待母语复核。","filled"
"bazi:nayin:jisi","己巳","jǐsì","纳音","—","—","—","—","—","—","汉字文化圈术语：ja/ko 保留汉字原词、vi 用汉越词、th 音译、es 西语意译（首见处附拼音），待母语复核。","filled"
"bazi:nayin:gengwu","庚午","gēngwǔ","纳音","—","—","—","—","—","—","汉字文化圈术语：ja/ko 保留汉字原词、vi 用汉越词、th 音译、es 西语意译（首见处附拼音），待母语复核。","filled"
"bazi:nayin:xinwei","辛未","xīnwèi","纳音","—","—","—","—","—","—","汉字文化圈术语：ja/ko 保留汉字原词、vi 用汉越词、th 音译、es 西语意译（首见处附拼音），待母语复核。","filled"
"bazi:nayin:renshen","壬申","rénshēn","纳音","—","—","—","—","—","—","汉字文化圈术语：ja/ko 保留汉字原词、vi 用汉越词、th 音译、es 西语意译（首见处附拼音），待母语复核。","filled"
"bazi:nayin:guiyou","癸酉","guǐyǒu","纳音","—","—","—","—","—","—","汉字文化圈术语：ja/ko 保留汉字原词、vi 用汉越词、th 音译、es 西语意译（首见处附拼音），待母语复核。","filled"
"bazi:nayin:jiaxu","甲戌","jiǎxū","纳音","—","—","—","—","—","—","汉字文化圈术语：ja/ko 保留汉字原词、vi 用汉越词、th 音译、es 西语意译（首见处附拼音），待母语复核。","filled"
"bazi:nayin:yihai","乙亥","yǐhài","纳音","—","—","—","—","—","—","汉字文化圈术语：ja/ko 保留汉字原词、vi 用汉越词、th 音译、es 西语意译（首见处附拼音），待母语复核。","filled"
"bazi:nayin:bingzi","丙子","bǐngzǐ","纳音","—","—","—","—","—","—","汉字文化圈术语：ja/ko 保留汉字原词、vi 用汉越词、th 音译、es 西语意译（首见处附拼音），待母语复核。","filled"
"bazi:nayin:dingchou","丁丑","dīngchǒu","纳音","—","—","—","—","—","—","汉字文化圈术语：ja/ko 保留汉字原词、vi 用汉越词、th 音译、es 西语意译（首见处附拼音），待母语复核。","filled"
"bazi:nayin:wuyin","戊寅","wùyín","纳音","—","—","—","—","—","—","汉字文化圈术语：ja/ko 保留汉字原词、vi 用汉越词、th 音译、es 西语意译（首见处附拼音），待母语复核。","filled"
"bazi:nayin:jimao","己卯","jǐmǎo","纳音","—","—","—","—","—","—","汉字文化圈术语：ja/ko 保留汉字原词、vi 用汉越词、th 音译、es 西语意译（首见处附拼音），待母语复核。","filled"
"bazi:nayin:gengchen","庚辰","gēngchén","纳音","—","—","—","—","—","—","汉字文化圈术语：ja/ko 保留汉字原词、vi 用汉越词、th 音译、es 西语意译（首见处附拼音），待母语复核。","filled"
"bazi:nayin:xinsi","辛巳","xīnsì","纳音","—","—","—","—","—","—","汉字文化圈术语：ja/ko 保留汉字原词、vi 用汉越词、th 音译、es 西语意译（首见处附拼音），待母语复核。","filled"
"bazi:nayin:renwu","壬午","rénwǔ","纳音","—","—","—","—","—","—","汉字文化圈术语：ja/ko 保留汉字原词、vi 用汉越词、th 音译、es 西语意译（首见处附拼音），待母语复核。","filled"
"bazi:nayin:guiwei","癸未","guǐwèi","纳音","—","—","—","—","—","—","汉字文化圈术语：ja/ko 保留汉字原词、vi 用汉越词、th 音译、es 西语意译（首见处附拼音），待母语复核。","filled"
"bazi:nayin:jiashen","甲申","jiǎshēn","纳音","—","—","—","—","—","—","汉字文化圈术语：ja/ko 保留汉字原词、vi 用汉越词、th 音译、es 西语意译（首见处附拼音），待母语复核。","filled"
"bazi:nayin:yiyou","乙酉","yǐyǒu","纳音","—","—","—","—","—","—","汉字文化圈术语：ja/ko 保留汉字原词、vi 用汉越词、th 音译、es 西语意译（首见处附拼音），待母语复核。","filled"
"bazi:nayin:bingxu","丙戌","bǐngxū","纳音","—","—","—","—","—","—","汉字文化圈术语：ja/ko 保留汉字原词、vi 用汉越词、th 音译、es 西语意译（首见处附拼音），待母语复核。","filled"
"bazi:nayin:dinghai","丁亥","dīnghài","纳音","—","—","—","—","—","—","汉字文化圈术语：ja/ko 保留汉字原词、vi 用汉越词、th 音译、es 西语意译（首见处附拼音），待母语复核。","filled"
"bazi:nayin:wuzi","戊子","wùzǐ","纳音","—","—","—","—","—","—","汉字文化圈术语：ja/ko 保留汉字原词、vi 用汉越词、th 音译、es 西语意译（首见处附拼音），待母语复核。","filled"
"bazi:nayin:jichou","己丑","jǐchǒu","纳音","—","—","—","—","—","—","汉字文化圈术语：ja/ko 保留汉字原词、vi 用汉越词、th 音译、es 西语意译（首见处附拼音），待母语复核。","filled"
"bazi:nayin:gengyin","庚寅","gēngyín","纳音","—","—","—","—","—","—","汉字文化圈术语：ja/ko 保留汉字原词、vi 用汉越词、th 音译、es 西语意译（首见处附拼音），待母语复核。","filled"
"bazi:nayin:xinmao","辛卯","xīnmǎo","纳音","—","—","—","—","—","—","汉字文化圈术语：ja/ko 保留汉字原词、vi 用汉越词、th 音译、es 西语意译（首见处附拼音），待母语复核。","filled"
"bazi:nayin:renchen","壬辰","rénchén","纳音","—","—","—","—","—","—","汉字文化圈术语：ja/ko 保留汉字原词、vi 用汉越词、th 音译、es 西语意译（首见处附拼音），待母语复核。","filled"
"bazi:nayin:guisi","癸巳","guǐsì","纳音","—","—","—","—","—","—","汉字文化圈术语：ja/ko 保留汉字原词、vi 用汉越词、th 音译、es 西语意译（首见处附拼音），待母语复核。","filled"
"bazi:nayin:jiawu","甲午","jiǎwǔ","纳音","—","—","—","—","—","—","汉字文化圈术语：ja/ko 保留汉字原词、vi 用汉越词、th 音译、es 西语意译（首见处附拼音），待母语复核。","filled"
"bazi:nayin:yiwei","乙未","yǐwèi","纳音","—","—","—","—","—","—","汉字文化圈术语：ja/ko 保留汉字原词、vi 用汉越词、th 音译、es 西语意译（首见处附拼音），待母语复核。","filled"
"bazi:nayin:bingshen","丙申","bǐngshēn","纳音","—","—","—","—","—","—","汉字文化圈术语：ja/ko 保留汉字原词、vi 用汉越词、th 音译、es 西语意译（首见处附拼音），待母语复核。","filled"
"bazi:nayin:dingyou","丁酉","dīngyǒu","纳音","—","—","—","—","—","—","汉字文化圈术语：ja/ko 保留汉字原词、vi 用汉越词、th 音译、es 西语意译（首见处附拼音），待母语复核。","filled"
"bazi:nayin:wuxu","戊戌","wùxū","纳音","—","—","—","—","—","—","汉字文化圈术语：ja/ko 保留汉字原词、vi 用汉越词、th 音译、es 西语意译（首见处附拼音），待母语复核。","filled"
"bazi:nayin:jihai","己亥","jǐhài","纳音","—","—","—","—","—","—","汉字文化圈术语：ja/ko 保留汉字原词、vi 用汉越词、th 音译、es 西语意译（首见处附拼音），待母语复核。","filled"
"bazi:nayin:gengzi","庚子","gēngzǐ","纳音","—","—","—","—","—","—","汉字文化圈术语：ja/ko 保留汉字原词、vi 用汉越词、th 音译、es 西语意译（首见处附拼音），待母语复核。","filled"
"bazi:nayin:xinchou","辛丑","xīnchǒu","纳音","—","—","—","—","—","—","汉字文化圈术语：ja/ko 保留汉字原词、vi 用汉越词、th 音译、es 西语意译（首见处附拼音），待母语复核。","filled"
"bazi:nayin:renyin","壬寅","rényín","纳音","—","—","—","—","—","—","汉字文化圈术语：ja/ko 保留汉字原词、vi 用汉越词、th 音译、es 西语意译（首见处附拼音），待母语复核。","filled"
"bazi:nayin:guimao","癸卯","guǐmǎo","纳音","—","—","—","—","—","—","汉字文化圈术语：ja/ko 保留汉字原词、vi 用汉越词、th 音译、es 西语意译（首见处附拼音），待母语复核。","filled"
"bazi:nayin:jiachen","甲辰","jiǎchén","纳音","—","—","—","—","—","—","汉字文化圈术语：ja/ko 保留汉字原词、vi 用汉越词、th 音译、es 西语意译（首见处附拼音），待母语复核。","filled"
"bazi:nayin:yisi","乙巳","yǐsì","纳音","—","—","—","—","—","—","汉字文化圈术语：ja/ko 保留汉字原词、vi 用汉越词、th 音译、es 西语意译（首见处附拼音），待母语复核。","filled"
"bazi:nayin:bingwu","丙午","bǐngwǔ","纳音","—","—","—","—","—","—","汉字文化圈术语：ja/ko 保留汉字原词、vi 用汉越词、th 音译、es 西语意译（首见处附拼音），待母语复核。","filled"
"bazi:nayin:dingwei","丁未","dīngwèi","纳音","—","—","—","—","—","—","汉字文化圈术语：ja/ko 保留汉字原词、vi 用汉越词、th 音译、es 西语意译（首见处附拼音），待母语复核。","filled"
"bazi:nayin:wushen","戊申","wùshēn","纳音","—","—","—","—","—","—","汉字文化圈术语：ja/ko 保留汉字原词、vi 用汉越词、th 音译、es 西语意译（首见处附拼音），待母语复核。","filled"
"bazi:nayin:jiyou","己酉","jǐyǒu","纳音","—","—","—","—","—","—","汉字文化圈术语：ja/ko 保留汉字原词、vi 用汉越词、th 音译、es 西语意译（首见处附拼音），待母语复核。","filled"
"bazi:nayin:gengxu","庚戌","gēngxū","纳音","—","—","—","—","—","—","汉字文化圈术语：ja/ko 保留汉字原词、vi 用汉越词、th 音译、es 西语意译（首见处附拼音），待母语复核。","filled"
"bazi:nayin:xinhai","辛亥","xīnhài","纳音","—","—","—","—","—","—","汉字文化圈术语：ja/ko 保留汉字原词、vi 用汉越词、th 音译、es 西语意译（首见处附拼音），待母语复核。","filled"
"bazi:nayin:renzi","壬子","rénzǐ","纳音","—","—","—","—","—","—","汉字文化圈术语：ja/ko 保留汉字原词、vi 用汉越词、th 音译、es 西语意译（首见处附拼音），待母语复核。","filled"
"bazi:nayin:guichou","癸丑","guǐchǒu","纳音","—","—","—","—","—","—","汉字文化圈术语：ja/ko 保留汉字原词、vi 用汉越词、th 音译、es 西语意译（首见处附拼音），待母语复核。","filled"
"bazi:nayin:jiayin","甲寅","jiǎyín","纳音","—","—","—","—","—","—","汉字文化圈术语：ja/ko 保留汉字原词、vi 用汉越词、th 音译、es 西语意译（首见处附拼音），待母语复核。","filled"
"bazi:nayin:yimao","乙卯","yǐmǎo","纳音","—","—","—","—","—","—","汉字文化圈术语：ja/ko 保留汉字原词、vi 用汉越词、th 音译、es 西语意译（首见处附拼音），待母语复核。","filled"
"bazi:nayin:bingchen","丙辰","bǐngchén","纳音","—","—","—","—","—","—","汉字文化圈术语：ja/ko 保留汉字原词、vi 用汉越词、th 音译、es 西语意译（首见处附拼音），待母语复核。","filled"
"bazi:nayin:dingsi","丁巳","dīngsì","纳音","—","—","—","—","—","—","汉字文化圈术语：ja/ko 保留汉字原词、vi 用汉越词、th 音译、es 西语意译（首见处附拼音），待母语复核。","filled"
"bazi:nayin:wuwu","戊午","wùwǔ","纳音","—","—","—","—","—","—","汉字文化圈术语：ja/ko 保留汉字原词、vi 用汉越词、th 音译、es 西语意译（首见处附拼音），待母语复核。","filled"
"bazi:nayin:jiwei","己未","jǐwèi","纳音","—","—","—","—","—","—","汉字文化圈术语：ja/ko 保留汉字原词、vi 用汉越词、th 音译、es 西语意译（首见处附拼音），待母语复核。","filled"
"bazi:nayin:gengshen","庚申","gēngshēn","纳音","—","—","—","—","—","—","汉字文化圈术语：ja/ko 保留汉字原词、vi 用汉越词、th 音译、es 西语意译（首见处附拼音），待母语复核。","filled"
"bazi:nayin:xinyou","辛酉","xīnyǒu","纳音","—","—","—","—","—","—","汉字文化圈术语：ja/ko 保留汉字原词、vi 用汉越词、th 音译、es 西语意译（首见处附拼音），待母语复核。","filled"
"bazi:nayin:renxu","壬戌","rénxū","纳音","—","—","—","—","—","—","汉字文化圈术语：ja/ko 保留汉字原词、vi 用汉越词、th 音译、es 西语意译（首见处附拼音），待母语复核。","filled"
"bazi:nayin:guihai","癸亥","guǐhài","纳音","—","—","—","—","—","—","汉字文化圈术语：ja/ko 保留汉字原词、vi 用汉越词、th 音译、es 西语意译（首见处附拼音），待母语复核。","filled"
"yijing:gua:qianweitian","乾为天","qiánwéitiān","六十四卦","Qian","乾","건","Càn","—","Qian","Sino-xenic 定读(ja/ko/vi)+pinyin 通行(en/es)+th 音译或意译；待母语复核","filled"
"yijing:gua:kunweidi","坤为地","kūnwéidì","六十四卦","Kun","坤","곤","Khôn","—","Kun","Sino-xenic 定读(ja/ko/vi)+pinyin 通行(en/es)+th 音译或意译；待母语复核","filled"
"yijing:gua:shuileitun","水雷屯","shuǐléitún","六十四卦","Zhun","屯","준","Truần","—","Zhun","Sino-xenic 定读(ja/ko/vi)+pinyin 通行(en/es)+th 音译或意译；待母语复核","filled"
"yijing:gua:shanshuimeng","山水蒙","shānshuǐméng","六十四卦","Meng","蒙","몽","Mông","—","Meng","Sino-xenic 定读(ja/ko/vi)+pinyin 通行(en/es)+th 音译或意译；待母语复核","filled"
"yijing:gua:shuitianxu","水天需","shuǐtiānxū","六十四卦","Xu","需","수","Tu","—","Xu","Sino-xenic 定读(ja/ko/vi)+pinyin 通行(en/es)+th 音译或意译；待母语复核","filled"
"yijing:gua:tianshuisong","天水讼","tiānshuǐsòng","六十四卦","Song","訟","송","Tụng","—","Song","Sino-xenic 定读(ja/ko/vi)+pinyin 通行(en/es)+th 音译或意译；待母语复核","filled"
"yijing:gua:dishuishi","地水师","dìshuǐshī","六十四卦","Shi","師","사","Sư","—","Shi","Sino-xenic 定读(ja/ko/vi)+pinyin 通行(en/es)+th 音译或意译；待母语复核","filled"
"yijing:gua:shuidibi","水地比","shuǐdìbǐ","六十四卦","Bi","比","비","Tỷ","—","Bi","Sino-xenic 定读(ja/ko/vi)+pinyin 通行(en/es)+th 音译或意译；待母语复核","filled"
"yijing:gua:fengtianxiaoxu","风天小畜","fēngtiānxiǎoxù","六十四卦","Xiao Chu","小畜","소축","Tiểu Súc","—","Xiao Chu","Sino-xenic 定读(ja/ko/vi)+pinyin 通行(en/es)+th 音译或意译；待母语复核","filled"
"yijing:gua:tianzelu","天泽履","tiānzélǚ","六十四卦","Lv","履","리","Lý","—","Lv","Sino-xenic 定读(ja/ko/vi)+pinyin 通行(en/es)+th 音译或意译；待母语复核","filled"
"yijing:gua:ditiantai","地天泰","dìtiāntài","六十四卦","Tai","泰","태","Thái","—","Tai","Sino-xenic 定读(ja/ko/vi)+pinyin 通行(en/es)+th 音译或意译；待母语复核","filled"
"yijing:gua:tiandipi","天地否","tiāndìpǐ","六十四卦","Fou","否","부","U","—","Fou","Sino-xenic 定读(ja/ko/vi)+pinyin 通行(en/es)+th 音译或意译；待母语复核","filled"
"yijing:gua:tianhuotongren","天火同人","tiānhuǒtóngrén","六十四卦","Tong Ren","同人","동인","Đồng Nhân","—","Tong Ren","Sino-xenic 定读(ja/ko/vi)+pinyin 通行(en/es)+th 音译或意译；待母语复核","filled"
"yijing:gua:huotiandayou","火天大有","huǒtiāndàyǒu","六十四卦","Da You","大有","대유","Đại Hữu","—","Da You","Sino-xenic 定读(ja/ko/vi)+pinyin 通行(en/es)+th 音译或意译；待母语复核","filled"
"yijing:gua:dishanqian","地山谦","dìshānqiān","六十四卦","Qian (Modesty)","謙","겸","Khiêm","—","Qian (Modesty)","Sino-xenic 定读(ja/ko/vi)+pinyin 通行(en/es)+th 音译或意译；待母语复核","filled"
"yijing:gua:leidiyu","雷地豫","léidìyù","六十四卦","Yu","豫","예","Dự","—","Yu","Sino-xenic 定读(ja/ko/vi)+pinyin 通行(en/es)+th 音译或意译；待母语复核","filled"
"yijing:gua:zeleisui","泽雷随","zéléisuí","六十四卦","Sui","隨","수","Tùy","—","Sui","Sino-xenic 定读(ja/ko/vi)+pinyin 通行(en/es)+th 音译或意译；待母语复核","filled"
"yijing:gua:shanfenggu","山风蛊","shānfēnggǔ","六十四卦","Gu","蠱","고","Cổ","—","Gu","Sino-xenic 定读(ja/ko/vi)+pinyin 通行(en/es)+th 音译或意译；待母语复核","filled"
"yijing:gua:dizelin","地泽临","dìzélín","六十四卦","Lin","臨","임","Lâm","—","Lin","Sino-xenic 定读(ja/ko/vi)+pinyin 通行(en/es)+th 音译或意译；待母语复核","filled"
"yijing:gua:fengdiguan","风地观","fēngdìguān","六十四卦","Guan","觀","관","Quan","—","Guan","Sino-xenic 定读(ja/ko/vi)+pinyin 通行(en/es)+th 音译或意译；待母语复核","filled"
"yijing:gua:huoleishike","火雷噬嗑","huǒléishìkè","六十四卦","Shi Ke","噬嗑","섭합","Thế Hiệp","—","Shi Ke","Sino-xenic 定读(ja/ko/vi)+pinyin 通行(en/es)+th 音译或意译；待母语复核","filled"
"yijing:gua:shanhuobi","山火贲","shānhuǒbì","六十四卦","Bi (Adornment)","賁","비","Bí","—","Bi (Adornment)","Sino-xenic 定读(ja/ko/vi)+pinyin 通行(en/es)+th 音译或意译；待母语复核","filled"
"yijing:gua:shandibo","山地剥","shāndìbō","六十四卦","Bo","剝","박","Bác","—","Bo","Sino-xenic 定读(ja/ko/vi)+pinyin 通行(en/es)+th 音译或意译；待母语复核","filled"
"yijing:gua:dileifu","地雷复","dìléifù","六十四卦","Fu","復","복","Phục","—","Fu","Sino-xenic 定读(ja/ko/vi)+pinyin 通行(en/es)+th 音译或意译；待母语复核","filled"
"yijing:gua:tianleiwuwang","天雷无妄","tiānléiwúwàng","六十四卦","Wu Wang","無妄","무망","Vô Vọng","—","Wu Wang","Sino-xenic 定读(ja/ko/vi)+pinyin 通行(en/es)+th 音译或意译；待母语复核","filled"
"yijing:gua:shantiandaxu","山天大畜","shāntiāndàxù","六十四卦","Da Chu","大畜","대축","Đại Súc","—","Da Chu","Sino-xenic 定读(ja/ko/vi)+pinyin 通行(en/es)+th 音译或意译；待母语复核","filled"
"yijing:gua:shanleiyi","山雷颐","shānléiyí","六十四卦","Yi (Nourishment)","頤","이","Di","—","Yi (Nourishment)","Sino-xenic 定读(ja/ko/vi)+pinyin 通行(en/es)+th 音译或意译；待母语复核","filled"
"yijing:gua:zefengdaguo","泽风大过","zéfēngdàguò","六十四卦","Da Guo","大過","대과","Đại Quá","—","Da Guo","Sino-xenic 定读(ja/ko/vi)+pinyin 通行(en/es)+th 音译或意译；待母语复核","filled"
"yijing:gua:kanweishui","坎为水","kǎnwéishuǐ","六十四卦","Kan (Abyss)","坎","감","Khảm","—","Kan (Abyss)","Sino-xenic 定读(ja/ko/vi)+pinyin 通行(en/es)+th 音译或意译；待母语复核","filled"
"yijing:gua:liweihuo","离为火","líwéihuǒ","六十四卦","Li (Clinging)","離","리","Ly","—","Li (Clinging)","Sino-xenic 定读(ja/ko/vi)+pinyin 通行(en/es)+th 音译或意译；待母语复核","filled"
"yijing:gua:zeshanxian","泽山咸","zéshānxián","六十四卦","Xian","咸","함","Hàm","—","Xian","Sino-xenic 定读(ja/ko/vi)+pinyin 通行(en/es)+th 音译或意译；待母语复核","filled"
"yijing:gua:leifengheng","雷风恒","léifēnghéng","六十四卦","Heng","恆","항","Hằng","—","Heng","Sino-xenic 定读(ja/ko/vi)+pinyin 通行(en/es)+th 音译或意译；待母语复核","filled"
"yijing:gua:tianshandun","天山遁","tiānshāndùn","六十四卦","Dun","遯","돈","Độn","—","Dun","Sino-xenic 定读(ja/ko/vi)+pinyin 通行(en/es)+th 音译或意译；待母语复核","filled"
"yijing:gua:leitiandazhuang","雷天大壮","léitiāndàzhuàng","六十四卦","Da Zhuang","大壯","대장","Đại Tráng","—","Da Zhuang","Sino-xenic 定读(ja/ko/vi)+pinyin 通行(en/es)+th 音译或意译；待母语复核","filled"
"yijing:gua:huodijin","火地晋","huǒdìjìn","六十四卦","Jin","晉","진","Tấn","—","Jin","Sino-xenic 定读(ja/ko/vi)+pinyin 通行(en/es)+th 音译或意译；待母语复核","filled"
"yijing:gua:dihuomingyi","地火明夷","dìhuǒmíngyí","六十四卦","Ming Yi","明夷","명이","Minh Di","—","Ming Yi","Sino-xenic 定读(ja/ko/vi)+pinyin 通行(en/es)+th 音译或意译；待母语复核","filled"
"yijing:gua:fenghuojiaren","风火家人","fēnghuǒjiārén","六十四卦","Jia Ren","家人","가인","Gia Nhân","—","Jia Ren","Sino-xenic 定读(ja/ko/vi)+pinyin 通行(en/es)+th 音译或意译；待母语复核","filled"
"yijing:gua:huozekui","火泽睽","huǒzékuí","六十四卦","Kui","睽","괘","Khuê","—","Kui","Sino-xenic 定读(ja/ko/vi)+pinyin 通行(en/es)+th 音译或意译；待母语复核","filled"
"yijing:gua:shuishanjian","水山蹇","shuǐshānjiǎn","六十四卦","Jian","蹇","건","Kiển","—","Jian","Sino-xenic 定读(ja/ko/vi)+pinyin 通行(en/es)+th 音译或意译；待母语复核","filled"
"yijing:gua:leishuixie","雷水解","léishuǐxiè","六十四卦","Xie","解","해","Giải","—","Xie","Sino-xenic 定读(ja/ko/vi)+pinyin 通行(en/es)+th 音译或意译；待母语复核","filled"
"yijing:gua:shanzesun","山泽损","shānzésǔn","六十四卦","Sun","損","손","Tổn","—","Sun","Sino-xenic 定读(ja/ko/vi)+pinyin 通行(en/es)+th 音译或意译；待母语复核","filled"
"yijing:gua:fengleiyi","风雷益","fēngléiyì","六十四卦","Yi (Increase)","益","익","Ích","—","Yi (Increase)","Sino-xenic 定读(ja/ko/vi)+pinyin 通行(en/es)+th 音译或意译；待母语复核","filled"
"yijing:gua:zetianguai","泽天夬","zétiānguài","六十四卦","Guai","夬","괘","Khoái","—","Guai","Sino-xenic 定读(ja/ko/vi)+pinyin 通行(en/es)+th 音译或意译；待母语复核","filled"
"yijing:gua:tianfenggou","天风姤","tiānfēnggòu","六十四卦","Gou","姤","고","Cấu","—","Gou","Sino-xenic 定读(ja/ko/vi)+pinyin 通行(en/es)+th 音译或意译；待母语复核","filled"
"yijing:gua:zedicui","泽地萃","zédìcuì","六十四卦","Cui","萃","췌","Tụ","—","Cui","Sino-xenic 定读(ja/ko/vi)+pinyin 通行(en/es)+th 音译或意译；待母语复核","filled"
"yijing:gua:difengsheng","地风升","dìfēngshēng","六十四卦","Sheng","升","승","Thăng","—","Sheng","Sino-xenic 定读(ja/ko/vi)+pinyin 通行(en/es)+th 音译或意译；待母语复核","filled"
"yijing:gua:zeshuikun","泽水困","zéshuǐkùn","六十四卦","Kun (Oppression)","困","곤","Khốn","—","Kun (Oppression)","Sino-xenic 定读(ja/ko/vi)+pinyin 通行(en/es)+th 音译或意译；待母语复核","filled"
"yijing:gua:shuifengjing","水风井","shuǐfēngjǐng","六十四卦","Jing","井","정","Tỉnh","—","Jing","Sino-xenic 定读(ja/ko/vi)+pinyin 通行(en/es)+th 音译或意译；待母语复核","filled"
"yijing:gua:zehuoge","泽火革","zéhuǒgé","六十四卦","Ge","革","혁","Cách","—","Ge","Sino-xenic 定读(ja/ko/vi)+pinyin 通行(en/es)+th 音译或意译；待母语复核","filled"
"yijing:gua:huofengding","火风鼎","huǒfēngdǐng","六十四卦","Ding","鼎","정","Đỉnh","—","Ding","Sino-xenic 定读(ja/ko/vi)+pinyin 通行(en/es)+th 音译或意译；待母语复核","filled"
"yijing:gua:zhenweilei","震为雷","zhènwéiléi","六十四卦","Zhen (Thunder)","震","진","Chấn","—","Zhen (Thunder)","Sino-xenic 定读(ja/ko/vi)+pinyin 通行(en/es)+th 音译或意译；待母语复核","filled"
"yijing:gua:genweishan","艮为山","gènwéishān","六十四卦","Gen (Stillness)","艮","간","Cấn","—","Gen (Stillness)","Sino-xenic 定读(ja/ko/vi)+pinyin 通行(en/es)+th 音译或意译；待母语复核","filled"
"yijing:gua:fengshanjian","风山渐","fēngshānjiàn","六十四卦","Jian (Gradual)","漸","점","Tiệm","—","Jian (Gradual)","Sino-xenic 定读(ja/ko/vi)+pinyin 通行(en/es)+th 音译或意译；待母语复核","filled"
"yijing:gua:leizeguimei","雷泽归妹","léizéguīmèi","六十四卦","Gui Mei","歸妹","귀매","Quy Muội","—","Gui Mei","Sino-xenic 定读(ja/ko/vi)+pinyin 通行(en/es)+th 音译或意译；待母语复核","filled"
"yijing:gua:leihuofeng","雷火丰","léihuǒfēng","六十四卦","Feng","豐","풍","Phong","—","Feng","Sino-xenic 定读(ja/ko/vi)+pinyin 通行(en/es)+th 音译或意译；待母语复核","filled"
"yijing:gua:huoshanlu","火山旅","huǒshānlǚ","六十四卦","Lv (Traveler)","旅","여","Lữ","—","Lv (Traveler)","Sino-xenic 定读(ja/ko/vi)+pinyin 通行(en/es)+th 音译或意译；待母语复核","filled"
"yijing:gua:xunweifeng","巽为风","xùnwéifēng","六十四卦","Xun (Wind)","巽","손","Tốn","—","Xun (Wind)","Sino-xenic 定读(ja/ko/vi)+pinyin 通行(en/es)+th 音译或意译；待母语复核","filled"
"yijing:gua:duiweize","兑为泽","duìwéizé","六十四卦","Dui (Joy)","兌","태","Đoài","—","Dui (Joy)","Sino-xenic 定读(ja/ko/vi)+pinyin 通行(en/es)+th 音译或意译；待母语复核","filled"
"yijing:gua:fengshuihuan","风水涣","fēngshuǐhuàn","六十四卦","Huan","渙","환","Hoán","—","Huan","Sino-xenic 定读(ja/ko/vi)+pinyin 通行(en/es)+th 音译或意译；待母语复核","filled"
"yijing:gua:shuizejie","水泽节","shuǐzéjié","六十四卦","Jie","節","절","Tiết","—","Jie","Sino-xenic 定读(ja/ko/vi)+pinyin 通行(en/es)+th 音译或意译；待母语复核","filled"
"yijing:gua:fengzezhongfu","风泽中孚","fēngzézhōngfú","六十四卦","Zhong Fu","中孚","중부","Trung Phủ","—","Zhong Fu","Sino-xenic 定读(ja/ko/vi)+pinyin 通行(en/es)+th 音译或意译；待母语复核","filled"
"yijing:gua:leishanxiaoguo","雷山小过","léishānxiǎoguò","六十四卦","Xiao Guo","小過","소과","Tiểu Quá","—","Xiao Guo","Sino-xenic 定读(ja/ko/vi)+pinyin 通行(en/es)+th 音译或意译；待母语复核","filled"
"yijing:gua:shuihuojiji","水火既济","shuǐhuǒjìjì","六十四卦","Ji Ji","既濟","기제","Ký Tế","—","Ji Ji","Sino-xenic 定读(ja/ko/vi)+pinyin 通行(en/es)+th 音译或意译；待母语复核","filled"
"yijing:gua:huoshuiweiji","火水未济","huǒshuǐwèijì","六十四卦","Wei Ji","未濟","미제","Vị Tế","—","Wei Ji","Sino-xenic 定读(ja/ko/vi)+pinyin 通行(en/es)+th 音译或意译；待母语复核","filled"
"tier2:bazi:branch_rel:shenzichenheshui","申子辰合水","shēnzǐchénhéshuǐ","地支关系","—","—","신자진합수","Thân Tý Thìn hợp Thủy","thân tử thìn hợp thủy","Shen Zi Chen unen Agua","汉字文化圈术语：ja/ko 保留汉字原词、vi 用汉越词、th 音译、es 西语意译（首见处附拼音），待母语复核。","filled"
"tier2:bazi:branch_rel:haimaoweihemu","亥卯未合木","hàimǎowèihémù","地支关系","—","—","해묘미합목","Hợi Mão Mùi hợp Mộc","hợi mão vị hợp mộc","Hai Mao Wei unen Madera","汉字文化圈术语：ja/ko 保留汉字原词、vi 用汉越词、th 音译、es 西语意译（首见处附拼音），待母语复核。","filled"
"tier2:bazi:branch_rel:yinmuxuhehuo","寅午戌合火","yínmǔxūhéhuǒ","地支关系","—","—","인오술합화","Dần Ngọ Tuất hợp Hỏa","dân ngọ tuất hợp hỏa","Yin Wu Xu unen Fuego","汉字文化圈术语：ja/ko 保留汉字原词、vi 用汉越词、th 音译、es 西语意译（首见处附拼音），待母语复核。","filled"
"tier2:bazi:branch_rel:siyouchouhejin","巳酉丑合金","sìyǒuchǒuhéjīn","地支关系","—","—","사유추합금","Tỵ Dậu Sửu hợp Kim","tỵ dậu sấu hợp kim","Si You Chou unen Metal","汉字文化圈术语：ja/ko 保留汉字原词、vi 用汉越词、th 音译、es 西语意译（首见处附拼音），待母语复核。","filled"
"tier2:bazi:branch_rel:zichouhetu","子丑合土","zǐchǒuhétǔ","地支关系","—","—","자추합토","Tý Sửu hợp Thổ","tử sấu hợp thổ","Zi Chou unen Tierra","汉字文化圈术语：ja/ko 保留汉字原词、vi 用汉越词、th 音译、es 西语意译（首见处附拼音），待母语复核。","filled"
"tier2:bazi:branch_rel:yinhaihemu","寅亥合木","yínhàihémù","地支关系","—","—","인해합목","Dần Hợi hợp Mộc","dân hợi hợp mộc","Yin Hai unen Madera","汉字文化圈术语：ja/ko 保留汉字原词、vi 用汉越词、th 音译、es 西语意译（首见处附拼音），待母语复核。","filled"
"tier2:bazi:branch_rel:maoxuhehuo","卯戌合火","mǎoxūhéhuǒ","地支关系","—","—","묘술합화","Mão Tuất hợp Hỏa","mão tuất hợp hỏa","Mao Xu unen Fuego","汉字文化圈术语：ja/ko 保留汉字原词、vi 用汉越词、th 音译、es 西语意译（首见处附拼音），待母语复核。","filled"
"tier2:bazi:branch_rel:chenyouhejin","辰酉合金","chényǒuhéjīn","地支关系","—","—","진유합금","Thìn Dậu hợp Kim","thìn dậu hợp kim","Chen You unen Metal","汉字文化圈术语：ja/ko 保留汉字原词、vi 用汉越词、th 音译、es 西语意译（首见处附拼音），待母语复核。","filled"
"tier2:bazi:branch_rel:sishenheshui","巳申合水","sìshēnhéshuǐ","地支关系","—","—","사신합수","Tỵ Thân hợp Thủy","tỵ thân hợp thủy","Si Shen unen Agua","汉字文化圈术语：ja/ko 保留汉字原词、vi 用汉越词、th 音译、es 西语意译（首见处附拼音），待母语复核。","filled"
"tier2:bazi:branch_rel:wuweihehuo","午未合火","wǔwèihéhuǒ","地支关系","—","—","오미합화","Ngọ Mùi hợp Hỏa","ngọ vị hợp hỏa","Wu Wei unen Fuego","汉字文化圈术语：ja/ko 保留汉字原词、vi 用汉越词、th 音译、es 西语意译（首见处附拼音），待母语复核。","filled"
"tier2:bazi:branch_rel:yinmaochendongfangmu","寅卯辰东方木","yínmǎochéndōngfāngmù","地支关系","—","寅卯辰東方木","인묘진동방목","Dần Mão Thìn phương Đông Mộc","dân mão thìn đông phương mộc","Yin Mao Chen Madera del Este","汉字文化圈术语：ja/ko 保留汉字原词、vi 用汉越词、th 音译、es 西语意译（首见处附拼音），待母语复核。","filled"
"tier2:bazi:branch_rel:siwuweinanfanghuo","巳午未南方火","sìwǔwèinánfānghuǒ","地支关系","—","—","사오미남방화","Tỵ Ngọ Mùi phương Nam Hỏa","tỵ ngọ vị nam phương hỏa","Si Wu Wei Fuego del Sur","汉字文化圈术语：ja/ko 保留汉字原词、vi 用汉越词、th 音译、es 西语意译（首见处附拼音），待母语复核。","filled"
"tier2:bazi:branch_rel:shenyouxuxifangjin","申酉戌西方金","shēnyǒuxūxīfāngjīn","地支关系","—","—","신유술서방금","Thân Dậu Tuất phương Tây Kim","thân dậu tuất tây phương kim","Shen You Xu Metal del Oeste","汉字文化圈术语：ja/ko 保留汉字原词、vi 用汉越词、th 音译、es 西语意译（首见处附拼音），待母语复核。","filled"
"tier2:bazi:branch_rel:haizichoubeifangshui","亥子丑北方水","hàizǐchǒuběifāngshuǐ","地支关系","—","—","해자추북방수","Hợi Tý Sửu phương Bắc Thủy","hợi tử sấu bắc phương thủy","Hai Zi Chou Agua del Norte","汉字文化圈术语：ja/ko 保留汉字原词、vi 用汉越词、th 音译、es 西语意译（首见处附拼音），待母语复核。","filled"
"tier2:bazi:branch_rel:ziwuchong","子午冲","zǐwǔchōng","地支关系","—","—","자오충","Tý Ngọ xung","tử ngọ xung","Choque Zi Wu","汉字文化圈术语：ja/ko 保留汉字原词、vi 用汉越词、th 音译、es 西语意译（首见处附拼音），待母语复核。","filled"
"tier2:bazi:branch_rel:chouweichong","丑未冲","chǒuwèichōng","地支关系","—","—","추미충","Sửu Mùi xung","sấu vị xung","Choque Chou Wei","汉字文化圈术语：ja/ko 保留汉字原词、vi 用汉越词、th 音译、es 西语意译（首见处附拼音），待母语复核。","filled"
"tier2:bazi:branch_rel:yinshenchong","寅申冲","yínshēnchōng","地支关系","—","寅申の刑","인신충","xung Yin-Sin","Yin-Shen chong","choque Yin-Shen","汉字文化圈术语：ja/ko 保留汉字原词、vi 用汉越词、th 音译、es 西语意译（首见处附拼音），待母语复核。","filled"
"tier2:bazi:branch_rel:maoyouchong","卯酉冲","mǎoyǒuchōng","地支关系","—","卯酉の刑","묘유충","xung Mao-Dau","Mao-You chong","choque Mao-You","汉字文化圈术语：ja/ko 保留汉字原词、vi 用汉越词、th 音译、es 西语意译（首见处附拼音），待母语复核。","filled"
"tier2:bazi:branch_rel:chenxuchong","辰戌冲","chénxūchōng","地支关系","—","辰戌の刑","진술충","xung Than-Huu","Chen-Xu chong","choque Chen-Xu","汉字文化圈术语：ja/ko 保留汉字原词、vi 用汉越词、th 音译、es 西语意译（首见处附拼音），待母语复核。","filled"
"tier2:bazi:branch_rel:sihaichong","巳亥冲","sìhàichōng","地支关系","—","巳亥の刑","사해충","xung Ty-Hai","Si-Hai chong","choque Si-Hai","汉字文化圈术语：ja/ko 保留汉字原词、vi 用汉越词、th 音译、es 西语意译（首见处附拼音），待母语复核。","filled"
"tier2:bazi:branch_rel:yinsishensanxing","寅巳申三刑","yínsìshēnsānxíng","地支关系","—","寅巳申の三刑","인사신삼형","tam tinh Yin-Ty-Sin","Yin-Si-Shen san xing","triple castigo Yin-Si-Shen","汉字文化圈术语：ja/ko 保留汉字原词、vi 用汉越词、th 音译、es 西语意译（首见处附拼音），待母语复核。","filled"
"tier2:bazi:branch_rel:chouxuweisanxing","丑戌未三刑","chǒuxūwèisānxíng","地支关系","—","丑戌未の三刑","추술미삼형","tam tinh Chu-Huu-Mui","Chou-Xu-Wei san xing","triple castigo Chou-Xu-Wei","汉字文化圈术语：ja/ko 保留汉字原词、vi 用汉越词、th 音译、es 西语意译（首见处附拼音），待母语复核。","filled"
"tier2:bazi:branch_rel:zimaoxiangxing","子卯相刑","zǐmǎoxiāngxíng","地支关系","—","子卯の刑","자묘상형","tuong tinh Tu-Mao","Zi-Mao xiang xing","castigo Zi-Mao","汉字文化圈术语：ja/ko 保留汉字原词、vi 用汉越词、th 音译、es 西语意译（首见处附拼音），待母语复核。","filled"
"tier2:bazi:branch_rel:chenchenzixing","辰辰自刑","chénchénzìxíng","地支关系","—","辰辰の自刑","진진자형","ty tinh Than","Chen-Chen zi xing","auto-castigo Chen","汉字文化圈术语：ja/ko 保留汉字原词、vi 用汉越词、th 音译、es 西语意译（首见处附拼音），待母语复核。","filled"
"tier2:bazi:branch_rel:wuwuzixing","午午自刑","wǔwǔzìxíng","地支关系","—","午午の自刑","오오자형","ty tinh Ngo","Wu-Wu zi xing","auto-castigo Wu","汉字文化圈术语：ja/ko 保留汉字原词、vi 用汉越词、th 音译、es 西语意译（首见处附拼音），待母语复核。","filled"
"tier2:bazi:branch_rel:youyouzixing","酉酉自刑","yǒuyǒuzìxíng","地支关系","—","酉酉の自刑","유유자형","ty tinh Dau","You-You zi xing","auto-castigo You","汉字文化圈术语：ja/ko 保留汉字原词、vi 用汉越词、th 音译、es 西语意译（首见处附拼音），待母语复核。","filled"
"tier2:bazi:branch_rel:haihaizixing","亥亥自刑","hàihàizìxíng","地支关系","—","亥亥の自刑","해해자형","ty tinh Hai","Hai-Hai zi xing","auto-castigo Hai","汉字文化圈术语：ja/ko 保留汉字原词、vi 用汉越词、th 音译、es 西语意译（首见处附拼音），待母语复核。","filled"
"tier2:bazi:branch_rel:ziweixianghai","子未相害","zǐwèixiānghài","地支关系","—","子未の害","자미상해","tuong hai Tu-Mui","Zi-Wei xiang hai","daño Zi-Wei","汉字文化圈术语：ja/ko 保留汉字原词、vi 用汉越词、th 音译、es 西语意译（首见处附拼音），待母语复核。","filled"
"tier2:bazi:branch_rel:chouwuxianghai","丑午相害","chǒuwǔxiānghài","地支关系","—","丑午の害","추오상해","tuong hai Chu-Ngo","Chou-Wu xiang hai","daño Chou-Wu","汉字文化圈术语：ja/ko 保留汉字原词、vi 用汉越词、th 音译、es 西语意译（首见处附拼音），待母语复核。","filled"
"tier2:bazi:branch_rel:yinsixianghai","寅巳相害","yínsìxiānghài","地支关系","—","寅巳の害","인사상해","tuong hai Yin-Ty","Yin-Si xiang hai","daño Yin-Si","汉字文化圈术语：ja/ko 保留汉字原词、vi 用汉越词、th 音译、es 西语意译（首见处附拼音），待母语复核。","filled"
"tier2:bazi:branch_rel:maochenxianghai","卯辰相害","mǎochénxiānghài","地支关系","—","卯辰の害","묘진상해","tuong hai Mao-Than","Mao-Chen xiang hai","daño Mao-Chen","汉字文化圈术语：ja/ko 保留汉字原词、vi 用汉越词、th 音译、es 西语意译（首见处附拼音），待母语复核。","filled"
"tier2:bazi:branch_rel:shenhaixianghai","申亥相害","shēnhàixiānghài","地支关系","—","申亥の害","신해상해","tuong hai Sin-Hai","Shen-Hai xiang hai","daño Shen-Hai","汉字文化圈术语：ja/ko 保留汉字原词、vi 用汉越词、th 音译、es 西语意译（首见处附拼音），待母语复核。","filled"
"tier2:bazi:branch_rel:youxuxianghai","酉戌相害","yǒuxūxiānghài","地支关系","—","酉戌の害","유술상해","tuong hai Dau-Huu","You-Xu xiang hai","daño You-Xu","汉字文化圈术语：ja/ko 保留汉字原词、vi 用汉越词、th 音译、es 西语意译（首见处附拼音），待母语复核。","filled"
"tier2:bazi:branch_rel:ziyouxiangpo","子酉相破","zǐyǒuxiāngpò","地支关系","—","子酉の破","자유상파","tuong po Tu-Dau","Zi-You xiang po","destrucción Zi-You","汉字文化圈术语：ja/ko 保留汉字原词、vi 用汉越词、th 音译、es 西语意译（首见处附拼音），待母语复核。","filled"
"tier2:bazi:branch_rel:yinhaixiangpo","寅亥相破","yínhàixiāngpò","地支关系","—","寅亥の破","인해상파","tuong po Yin-Hai","Yin-Hai xiang po","destrucción Yin-Hai","汉字文化圈术语：ja/ko 保留汉字原词、vi 用汉越词、th 音译、es 西语意译（首见处附拼音），待母语复核。","filled"
"tier2:bazi:branch_rel:maowuxiangpo","卯午相破","mǎowǔxiāngpò","地支关系","—","卯午の破","묘오상파","tuong po Mao-Ngo","Mao-Wu xiang po","destrucción Mao-Wu","汉字文化圈术语：ja/ko 保留汉字原词、vi 用汉越词、th 音译、es 西语意译（首见处附拼音），待母语复核。","filled"
"tier2:bazi:branch_rel:chenchouxiangpo","辰丑相破","chénchǒuxiāngpò","地支关系","—","辰丑の破","진추상파","tuong po Than-Chu","Chen-Chou xiang po","destrucción Chen-Chou","汉字文化圈术语：ja/ko 保留汉字原词、vi 用汉越词、th 音译、es 西语意译（首见处附拼音），待母语复核。","filled"
"tier2:bazi:branch_rel:sishenxiangpo","巳申相破","sìshēnxiāngpò","地支关系","—","巳申の破","사신상파","tuong po Ty-Sin","Si-Shen xiang po","destrucción Si-Shen","汉字文化圈术语：ja/ko 保留汉字原词、vi 用汉越词、th 音译、es 西语意译（首见处附拼音），待母语复核。","filled"
"tier2:bazi:branch_rel:wumaoxiangpo","午卯相破","wǔmǎoxiāngpò","地支关系","—","午卯の破","오묘상파","tuong po Ngo-Mao","Wu-Mao xiang po","destrucción Wu-Mao","汉字文化圈术语：ja/ko 保留汉字原词、vi 用汉越词、th 音译、es 西语意译（首见处附拼音），待母语复核。","filled"
"tier2:bazi:branch_rel:zicanggui","子藏癸","zǐcángguǐ","地支关系","—","子の蔵干癸","자장계","Tu an Quyi","Zi cang Gui","Zi oculta Gui","汉字文化圈术语：ja/ko 保留汉字原词、vi 用汉越词、th 音译、es 西语意译（首见处附拼音），待母语复核。","filled"
"tier2:bazi:branch_rel:choucangjiguixin","丑藏己癸辛","chǒucángjǐguǐxīn","地支关系","—","丑の蔵干己癸辛","추장기계신","Chu an Ky-Quyi-Tin","Chou cang Ji Gui Xin","Chou oculta Ji, Gui y Xin","汉字文化圈术语：ja/ko 保留汉字原词、vi 用汉越词、th 音译、es 西语意译（首见处附拼音），待母语复核。","filled"
"tier2:bazi:branch_rel:yincangjiabingwu","寅藏甲丙戊","yíncángjiǎbǐngwù","地支关系","—","寅の蔵干甲丙戊","인장갑병무","Yin an Giap-Binh-Ngu","Yin cang Jia Bing Wu","Yin oculta Jia, Bing y Wu","汉字文化圈术语：ja/ko 保留汉字原词、vi 用汉越词、th 音译、es 西语意译（首见处附拼音），待母语复核。","filled"
"tier2:bazi:branch_rel:maocangyi","卯藏乙","mǎocángyǐ","地支关系","—","卯の蔵干乙","묘장을","Mao an At","Mao cang Yi","Mao oculta Yi","汉字文化圈术语：ja/ko 保留汉字原词、vi 用汉越词、th 音译、es 西语意译（首见处附拼音），待母语复核。","filled"
"tier2:bazi:branch_rel:chencangwuyigui","辰藏戊乙癸","chéncángwùyǐguǐ","地支关系","—","辰の蔵干戊乙癸","진장무을계","Than an Ngu-At-Quyi","Chen cang Wu Yi Gui","Chen oculta Wu, Yi y Gui","汉字文化圈术语：ja/ko 保留汉字原词、vi 用汉越词、th 音译、es 西语意译（首见处附拼音），待母语复核。","filled"
"tier2:bazi:branch_rel:sicangbingwugeng","巳藏丙戊庚","sìcángbǐngwùgēng","地支关系","—","巳の蔵干丙戊庚","사장병무경","Ty an Binh-Ngu-Khanh","Si cang Bing Wu Geng","Si oculta Bing, Wu y Geng","汉字文化圈术语：ja/ko 保留汉字原词、vi 用汉越词、th 音译、es 西语意译（首见处附拼音），待母语复核。","filled"
"tier2:bazi:branch_rel:wucangdingji","午藏丁己","wǔcángdīngjǐ","地支关系","—","午の蔵干丁己","오장정기","Ngo an Dinh-Ky","Wu cang Ding Ji","Wu oculta Ding y Ji","汉字文化圈术语：ja/ko 保留汉字原词、vi 用汉越词、th 音译、es 西语意译（首见处附拼音），待母语复核。","filled"
"tier2:bazi:branch_rel:weicangjidingyi","未藏己丁乙","wèicángjǐdīngyǐ","地支关系","—","未の蔵干己丁乙","미장기정을","Mui an Ky-Dinh-At","Wei cang Ji Ding Yi","Wei oculta Ji, Ding y Yi","汉字文化圈术语：ja/ko 保留汉字原词、vi 用汉越词、th 音译、es 西语意译（首见处附拼音），待母语复核。","filled"
"tier2:bazi:branch_rel:shencanggengrenwu","申藏庚壬戊","shēncánggēngrénwù","地支关系","—","申の蔵干庚壬戊","신장경임무","Sin an Khanh-Nhan-Ngu","Shen cang Geng Ren Wu","Shen oculta Geng, Ren y Wu","汉字文化圈术语：ja/ko 保留汉字原词、vi 用汉越词、th 音译、es 西语意译（首见处附拼音），待母语复核。","filled"
"tier2:bazi:branch_rel:youcangxin","酉藏辛","yǒucángxīn","地支关系","—","酉の蔵干辛","유장신","Dau an Tin","You cang Xin","You oculta Xin","汉字文化圈术语：ja/ko 保留汉字原词、vi 用汉越词、th 音译、es 西语意译（首见处附拼音），待母语复核。","filled"
"tier2:bazi:branch_rel:xucangwuxinding","戌藏戊辛丁","xūcángwùxīndīng","地支关系","—","戌の蔵干戊辛丁","술장무신정","Huu an Ngu-Tin-Dinh","Xu cang Wu Xin Ding","Xu oculta Wu, Xin y Ding","汉字文化圈术语：ja/ko 保留汉字原词、vi 用汉越词、th 音译、es 西语意译（首见处附拼音），待母语复核。","filled"
"tier2:bazi:branch_rel:haicangrenjia","亥藏壬甲","hàicángrénjiǎ","地支关系","—","亥の蔵干壬甲","해장임갑","Hai an Nhan-Giap","Hai cang Ren Jia","Hai oculta Ren y Jia","汉字文化圈术语：ja/ko 保留汉字原词、vi 用汉越词、th 音译、es 西语意译（首见处附拼音），待母语复核。","filled"
"tier2:bazi:nayin:jiazi","甲子","jiǎzǐ","干支组合","Jia Zi","甲子","갑자","Giáp Tý","เจียจื้อ","Jia Zi","干支组合=天干+地支译名按位组合（构成式，确定性）","filled"
"tier2:bazi:nayin:yichou","乙丑","yǐchǒu","干支组合","Yi Chou","乙丑","을축","Ất Sửu","อี้ฉู่","Yi Chou","干支组合=天干+地支译名按位组合（构成式，确定性）","filled"
"tier2:bazi:nayin:bingyin","丙寅","bǐngyín","干支组合","Bing Yin","丙寅","병인","Bính Dần","ปิ่งอิน","Bing Yin","干支组合=天干+地支译名按位组合（构成式，确定性）","filled"
"tier2:bazi:nayin:dingmao","丁卯","dīngmǎo","干支组合","Ding Mao","丁卯","정묘","Đinh Mão","ติงเหมา","Ding Mao","干支组合=天干+地支译名按位组合（构成式，确定性）","filled"
"tier2:bazi:nayin:wuchen","戊辰","wùchén","干支组合","Wu Chen","戊辰","무진","Mậu Thìn","อู้เฉิน","Wu Chen","干支组合=天干+地支译名按位组合（构成式，确定性）","filled"
"tier2:bazi:nayin:jisi","己巳","jǐsì","干支组合","Ji Si","己巳","기사","Kỷ Tỵ","จี่สื่อ","Ji Si","干支组合=天干+地支译名按位组合（构成式，确定性）","filled"
"tier2:bazi:nayin:gengwu","庚午","gēngwǔ","干支组合","Geng Wu","庚午","경오","Canh Ngọ","เกิงอู่","Geng Wu","干支组合=天干+地支译名按位组合（构成式，确定性）","filled"
"tier2:bazi:nayin:xinwei","辛未","xīnwèi","干支组合","Xin Wei","辛未","신미","Tân Mùi","ซินเว่ย","Xin Wei","干支组合=天干+地支译名按位组合（构成式，确定性）","filled"
"tier2:bazi:nayin:renshen","壬申","rénshēn","干支组合","Ren Shen","壬申","임신","Nhâm Thân","เหรินเชิน","Ren Shen","干支组合=天干+地支译名按位组合（构成式，确定性）","filled"
"tier2:bazi:nayin:guiyou","癸酉","guǐyǒu","干支组合","Gui You","癸酉","계유","Quý Dậu","กุยโหย่ว","Gui You","干支组合=天干+地支译名按位组合（构成式，确定性）","filled"
"tier2:bazi:nayin:jiaxu","甲戌","jiǎxū","干支组合","Jia Xu","甲戌","갑술","Giáp Tuất","เจียซวิว","Jia Xu","干支组合=天干+地支译名按位组合（构成式，确定性）","filled"
"tier2:bazi:nayin:yihai","乙亥","yǐhài","干支组合","Yi Hai","乙亥","을해","Ất Hợi","อี้ไห่","Yi Hai","干支组合=天干+地支译名按位组合（构成式，确定性）","filled"
"tier2:bazi:nayin:bingzi","丙子","bǐngzǐ","干支组合","Bing Zi","丙子","병자","Bính Tý","ปิ่งจื้อ","Bing Zi","干支组合=天干+地支译名按位组合（构成式，确定性）","filled"
"tier2:bazi:nayin:dingchou","丁丑","dīngchǒu","干支组合","Ding Chou","丁丑","정축","Đinh Sửu","ติงฉู่","Ding Chou","干支组合=天干+地支译名按位组合（构成式，确定性）","filled"
"tier2:bazi:nayin:wuyin","戊寅","wùyín","干支组合","Wu Yin","戊寅","무인","Mậu Dần","อู้อิน","Wu Yin","干支组合=天干+地支译名按位组合（构成式，确定性）","filled"
"tier2:bazi:nayin:jimao","己卯","jǐmǎo","干支组合","Ji Mao","己卯","기묘","Kỷ Mão","จี่เหมา","Ji Mao","干支组合=天干+地支译名按位组合（构成式，确定性）","filled"
"tier2:bazi:nayin:gengchen","庚辰","gēngchén","干支组合","Geng Chen","庚辰","경진","Canh Thìn","เกิงเฉิน","Geng Chen","干支组合=天干+地支译名按位组合（构成式，确定性）","filled"
"tier2:bazi:nayin:xinsi","辛巳","xīnsì","干支组合","Xin Si","辛巳","신사","Tân Tỵ","ซินสื่อ","Xin Si","干支组合=天干+地支译名按位组合（构成式，确定性）","filled"
"tier2:bazi:nayin:renwu","壬午","rénwǔ","干支组合","Ren Wu","壬午","임오","Nhâm Ngọ","เหรินอู่","Ren Wu","干支组合=天干+地支译名按位组合（构成式，确定性）","filled"
"tier2:bazi:nayin:guiwei","癸未","guǐwèi","干支组合","Gui Wei","癸未","계미","Quý Mùi","กุยเว่ย","Gui Wei","干支组合=天干+地支译名按位组合（构成式，确定性）","filled"
"tier2:bazi:nayin:jiashen","甲申","jiǎshēn","干支组合","Jia Shen","甲申","갑신","Giáp Thân","เจียเชิน","Jia Shen","干支组合=天干+地支译名按位组合（构成式，确定性）","filled"
"tier2:bazi:nayin:yiyou","乙酉","yǐyǒu","干支组合","Yi You","乙酉","을유","Ất Dậu","อี้โหย่ว","Yi You","干支组合=天干+地支译名按位组合（构成式，确定性）","filled"
"tier2:bazi:nayin:bingxu","丙戌","bǐngxū","干支组合","Bing Xu","丙戌","병술","Bính Tuất","ปิ่งซวิว","Bing Xu","干支组合=天干+地支译名按位组合（构成式，确定性）","filled"
"tier2:bazi:nayin:dinghai","丁亥","dīnghài","干支组合","Ding Hai","丁亥","정해","Đinh Hợi","ติงไห่","Ding Hai","干支组合=天干+地支译名按位组合（构成式，确定性）","filled"
"tier2:bazi:nayin:wuzi","戊子","wùzǐ","干支组合","Wu Zi","戊子","무자","Mậu Tý","อู้จื้อ","Wu Zi","干支组合=天干+地支译名按位组合（构成式，确定性）","filled"
"tier2:bazi:nayin:jichou","己丑","jǐchǒu","干支组合","Ji Chou","己丑","기축","Kỷ Sửu","จี่ฉู่","Ji Chou","干支组合=天干+地支译名按位组合（构成式，确定性）","filled"
"tier2:bazi:nayin:gengyin","庚寅","gēngyín","干支组合","Geng Yin","庚寅","경인","Canh Dần","เกิงอิน","Geng Yin","干支组合=天干+地支译名按位组合（构成式，确定性）","filled"
"tier2:bazi:nayin:xinmao","辛卯","xīnmǎo","干支组合","Xin Mao","辛卯","신묘","Tân Mão","ซินเหมา","Xin Mao","干支组合=天干+地支译名按位组合（构成式，确定性）","filled"
"tier2:bazi:nayin:renchen","壬辰","rénchén","干支组合","Ren Chen","壬辰","임진","Nhâm Thìn","เหรินเฉิน","Ren Chen","干支组合=天干+地支译名按位组合（构成式，确定性）","filled"
"tier2:bazi:nayin:guisi","癸巳","guǐsì","干支组合","Gui Si","癸巳","계사","Quý Tỵ","กุยสื่อ","Gui Si","干支组合=天干+地支译名按位组合（构成式，确定性）","filled"
"tier2:bazi:nayin:jiawu","甲午","jiǎwǔ","干支组合","Jia Wu","甲午","갑오","Giáp Ngọ","เจียอู่","Jia Wu","干支组合=天干+地支译名按位组合（构成式，确定性）","filled"
"tier2:bazi:nayin:yiwei","乙未","yǐwèi","干支组合","Yi Wei","乙未","을미","Ất Mùi","อี้เว่ย","Yi Wei","干支组合=天干+地支译名按位组合（构成式，确定性）","filled"
"tier2:bazi:nayin:bingshen","丙申","bǐngshēn","干支组合","Bing Shen","丙申","병신","Bính Thân","ปิ่งเชิน","Bing Shen","干支组合=天干+地支译名按位组合（构成式，确定性）","filled"
"tier2:bazi:nayin:dingyou","丁酉","dīngyǒu","干支组合","Ding You","丁酉","정유","Đinh Dậu","ติงโหย่ว","Ding You","干支组合=天干+地支译名按位组合（构成式，确定性）","filled"
"tier2:bazi:nayin:wuxu","戊戌","wùxū","干支组合","Wu Xu","戊戌","무술","Mậu Tuất","อู้ซวิว","Wu Xu","干支组合=天干+地支译名按位组合（构成式，确定性）","filled"
"tier2:bazi:nayin:jihai","己亥","jǐhài","干支组合","Ji Hai","己亥","기해","Kỷ Hợi","จี่ไห่","Ji Hai","干支组合=天干+地支译名按位组合（构成式，确定性）","filled"
"tier2:bazi:nayin:gengzi","庚子","gēngzǐ","干支组合","Geng Zi","庚子","경자","Canh Tý","เกิงจื้อ","Geng Zi","干支组合=天干+地支译名按位组合（构成式，确定性）","filled"
"tier2:bazi:nayin:xinchou","辛丑","xīnchǒu","干支组合","Xin Chou","辛丑","신축","Tân Sửu","ซินฉู่","Xin Chou","干支组合=天干+地支译名按位组合（构成式，确定性）","filled"
"tier2:bazi:nayin:renyin","壬寅","rényín","干支组合","Ren Yin","壬寅","임인","Nhâm Dần","เหรินอิน","Ren Yin","干支组合=天干+地支译名按位组合（构成式，确定性）","filled"
"tier2:bazi:nayin:guimao","癸卯","guǐmǎo","干支组合","Gui Mao","癸卯","계묘","Quý Mão","กุยเหมา","Gui Mao","干支组合=天干+地支译名按位组合（构成式，确定性）","filled"
"tier2:bazi:nayin:jiachen","甲辰","jiǎchén","干支组合","Jia Chen","甲辰","갑진","Giáp Thìn","เจียเฉิน","Jia Chen","干支组合=天干+地支译名按位组合（构成式，确定性）","filled"
"tier2:bazi:nayin:yisi","乙巳","yǐsì","干支组合","Yi Si","乙巳","을사","Ất Tỵ","อี้สื่อ","Yi Si","干支组合=天干+地支译名按位组合（构成式，确定性）","filled"
"tier2:bazi:nayin:bingwu","丙午","bǐngwǔ","干支组合","Bing Wu","丙午","병오","Bính Ngọ","ปิ่งอู่","Bing Wu","干支组合=天干+地支译名按位组合（构成式，确定性）","filled"
"tier2:bazi:nayin:dingwei","丁未","dīngwèi","干支组合","Ding Wei","丁未","정미","Đinh Mùi","ติงเว่ย","Ding Wei","干支组合=天干+地支译名按位组合（构成式，确定性）","filled"
"tier2:bazi:nayin:wushen","戊申","wùshēn","干支组合","Wu Shen","戊申","무신","Mậu Thân","อู้เชิน","Wu Shen","干支组合=天干+地支译名按位组合（构成式，确定性）","filled"
"tier2:bazi:nayin:jiyou","己酉","jǐyǒu","干支组合","Ji You","己酉","기유","Kỷ Dậu","จี่โหย่ว","Ji You","干支组合=天干+地支译名按位组合（构成式，确定性）","filled"
"tier2:bazi:nayin:gengxu","庚戌","gēngxū","干支组合","Geng Xu","庚戌","경술","Canh Tuất","เกิงซวิว","Geng Xu","干支组合=天干+地支译名按位组合（构成式，确定性）","filled"
"tier2:bazi:nayin:xinhai","辛亥","xīnhài","干支组合","Xin Hai","辛亥","신해","Tân Hợi","ซินไห่","Xin Hai","干支组合=天干+地支译名按位组合（构成式，确定性）","filled"
"tier2:bazi:nayin:renzi","壬子","rénzǐ","干支组合","Ren Zi","壬子","임자","Nhâm Tý","เหรินจื้อ","Ren Zi","干支组合=天干+地支译名按位组合（构成式，确定性）","filled"
"tier2:bazi:nayin:guichou","癸丑","guǐchǒu","干支组合","Gui Chou","癸丑","계축","Quý Sửu","กุยฉู่","Gui Chou","干支组合=天干+地支译名按位组合（构成式，确定性）","filled"
"tier2:bazi:nayin:jiayin","甲寅","jiǎyín","干支组合","Jia Yin","甲寅","갑인","Giáp Dần","เจียอิน","Jia Yin","干支组合=天干+地支译名按位组合（构成式，确定性）","filled"
"tier2:bazi:nayin:yimao","乙卯","yǐmǎo","干支组合","Yi Mao","乙卯","을묘","Ất Mão","อี้เหมา","Yi Mao","干支组合=天干+地支译名按位组合（构成式，确定性）","filled"
"tier2:bazi:nayin:bingchen","丙辰","bǐngchén","干支组合","Bing Chen","丙辰","병진","Bính Thìn","ปิ่งเฉิน","Bing Chen","干支组合=天干+地支译名按位组合（构成式，确定性）","filled"
"tier2:bazi:nayin:dingsi","丁巳","dīngsì","干支组合","Ding Si","丁巳","정사","Đinh Tỵ","ติงสื่อ","Ding Si","干支组合=天干+地支译名按位组合（构成式，确定性）","filled"
"tier2:bazi:nayin:wuwu","戊午","wùwǔ","干支组合","Wu Wu","戊午","무오","Mậu Ngọ","อู้อู่","Wu Wu","干支组合=天干+地支译名按位组合（构成式，确定性）","filled"
"tier2:bazi:nayin:jiwei","己未","jǐwèi","干支组合","Ji Wei","己未","기미","Kỷ Mùi","จี่เว่ย","Ji Wei","干支组合=天干+地支译名按位组合（构成式，确定性）","filled"
"tier2:bazi:nayin:gengshen","庚申","gēngshēn","干支组合","Geng Shen","庚申","경신","Canh Thân","เกิงเชิน","Geng Shen","干支组合=天干+地支译名按位组合（构成式，确定性）","filled"
"tier2:bazi:nayin:xinyou","辛酉","xīnyǒu","干支组合","Xin You","辛酉","신유","Tân Dậu","ซินโหย่ว","Xin You","干支组合=天干+地支译名按位组合（构成式，确定性）","filled"
"tier2:bazi:nayin:renxu","壬戌","rénxū","干支组合","Ren Xu","壬戌","임술","Nhâm Tuất","เหรินซวิว","Ren Xu","干支组合=天干+地支译名按位组合（构成式，确定性）","filled"
"tier2:bazi:nayin:guihai","癸亥","guǐhài","干支组合","Gui Hai","癸亥","계해","Quý Hợi","กุยไห่","Gui Hai","干支组合=天干+地支译名按位组合（构成式，确定性）","filled"
"tier2:bazi:ganhe:jiajihetu","甲己合土","jiǎjǐhétǔ","天干五合","—","甲己の合土","갑기합토","giap ky hop tho","Jia-Ji he tu","unión Jia-Ji en Tierra","汉字文化圈术语：ja/ko 保留汉字原词、vi 用汉越词、th 音译、es 西语意译（首见处附拼音），待母语复核。","filled"
"tier2:bazi:ganhe:yigenghejin","乙庚合金","yǐgēnghéjīn","天干五合","—","乙庚の合金","을경합금","at khanh hop kim","Yi-Geng he jin","unión Yi-Geng en Metal","汉字文化圈术语：ja/ko 保留汉字原词、vi 用汉越词、th 音译、es 西语意译（首见处附拼音），待母语复核。","filled"
"tier2:bazi:ganhe:bingxinheshui","丙辛合水","bǐngxīnhéshuǐ","天干五合","—","丙辛の合水","병신합수","binh tin hop thuy","Bing-Xin he shui","unión Bing-Xin en Agua","汉字文化圈术语：ja/ko 保留汉字原词、vi 用汉越词、th 音译、es 西语意译（首见处附拼音），待母语复核。","filled"
"tier2:bazi:ganhe:dingrenhemu","丁壬合木","dīngrénhémù","天干五合","—","丁壬の合木","정임합목","dinh nhan hop moc","Ding-Ren he mu","unión Ding-Ren en Madera","汉字文化圈术语：ja/ko 保留汉字原词、vi 用汉越词、th 音译、es 西语意译（首见处附拼音），待母语复核。","filled"
"tier2:bazi:ganhe:wuguihehuo","戊癸合火","wùguǐhéhuǒ","天干五合","—","戊癸の合火","무계합화","ngu quyi hop hoa","Wu-Gui he huo","unión Wu-Gui en Fuego","汉字文化圈术语：ja/ko 保留汉字原词、vi 用汉越词、th 音译、es 西语意译（首见处附拼音），待母语复核。","filled"
"tier2:bazi:sanhe:yinmaoxusanhehuo","寅午戌三合火","yínmǎoxūsānhéhuǒ","三合三会","—","寅午戌の三合火","인오술삼합화","tam hop hoa Yin-Ngo-Huu","Yin-Wu-Xu san he huo","triple unión Yin-Wu-Xu en Fuego","汉字文化圈术语：ja/ko 保留汉字原词、vi 用汉越词、th 音译、es 西语意译（首见处附拼音），待母语复核。","filled"
"tier2:bazi:sanhe:shenzichesanheshui","申子辰三合水","shēnzǐchésānhéshuǐ","三合三会","—","申子辰の三合水","신자진삼합수","tam hop thuy Sin-Tu-Than","Shen-Zi-Chen san he shui","triple unión Shen-Zi-Chen en Agua","汉字文化圈术语：ja/ko 保留汉字原词、vi 用汉越词、th 音译、es 西语意译（首见处附拼音），待母语复核。","filled"
"tier2:bazi:sanhe:siyouchousanhejin","巳酉丑三合金","sìyǒuchǒusānhéjīn","三合三会","—","巳酉丑の三合金","사유추삼합금","tam hop kim Ty-Dau-Chu","Si-You-Chou san he jin","triple unión Si-You-Chou en Metal","汉字文化圈术语：ja/ko 保留汉字原词、vi 用汉越词、th 音译、es 西语意译（首见处附拼音），待母语复核。","filled"
"tier2:bazi:sanhe:haimaoweisanhemu","亥卯未三合木","hàimǎowèisānhémù","三合三会","—","亥卯未の三合木","해묘미삼합목","tam hop moc Hai-Mao-Mui","Hai-Mao-Wei san he mu","triple unión Hai-Mao-Wei en Madera","汉字文化圈术语：ja/ko 保留汉字原词、vi 用汉越词、th 音译、es 西语意译（首见处附拼音），待母语复核。","filled"
"tier2:bazi:sanhe:yinmaochensanhui","寅卯辰三会木","yínmǎochénsānhuì","三合三会","—","寅卯辰の三会木","인묘진삼회목","tam hoi moc Yin-Mao-Than","Yin-Mao-Chen san hui mu","triple reunión Yin-Mao-Chen en Madera","汉字文化圈术语：ja/ko 保留汉字原词、vi 用汉越词、th 音译、es 西语意译（首见处附拼音），待母语复核。","filled"
"tier2:bazi:sanhe:siwuweisanhui","巳午未三会火","sìwǔwèisānhuì","三合三会","—","巳午未の三会火","사오미삼회화","tam hoi hoa Ty-Ngo-Mui","Si-Wu-Wei san hui huo","triple reunión Si-Wu-Wei en Fuego","汉字文化圈术语：ja/ko 保留汉字原词、vi 用汉越词、th 音译、es 西语意译（首见处附拼音），待母语复核。","filled"
"tier2:bazi:sanhe:shenyouxusanhui","申酉戌三会金","shēnyǒuxūsānhuì","三合三会","—","申酉戌の三会金","신유술삼회금","tam hoi kim Sin-Dau-Huu","Shen-You-Xu san hui jin","triple reunión Shen-You-Xu en Metal","汉字文化圈术语：ja/ko 保留汉字原词、vi 用汉越词、th 音译、es 西语意译（首见处附拼音），待母语复核。","filled"
"tier2:bazi:sanhe:haizichousanhui","亥子丑三会水","hàizǐchǒusānhuì","三合三会","—","亥子丑の三会水","해자추삼회수","tam hoi thuy Hai-Tu-Chu","Hai-Zi-Chou san hui shui","triple reunión Hai-Zi-Chou en Agua","汉字文化圈术语：ja/ko 保留汉字原词、vi 用汉越词、th 音译、es 西语意译（首见处附拼音），待母语复核。","filled"
"yijing:gua:fugua","复卦","fùguà","十二消息卦","Fu","復","복","Phục","—","Fu","Sino-xenic 定读(ja/ko/vi)+pinyin 通行(en/es)+th 音译或意译；待母语复核","filled"
"yijing:gua:lingua","临卦","línguà","十二消息卦","Lin","臨","임","Lâm","—","Lin","Sino-xenic 定读(ja/ko/vi)+pinyin 通行(en/es)+th 音译或意译；待母语复核","filled"
"yijing:gua:taigua","泰卦","tàiguà","十二消息卦","Tai","泰","태","Thái","—","Tai","Sino-xenic 定读(ja/ko/vi)+pinyin 通行(en/es)+th 音译或意译；待母语复核","filled"
"yijing:gua:dazhuanggua","大壮卦","dàzhuàngguà","十二消息卦","Da Zhuang","大壯","대장","Đại Tráng","—","Da Zhuang","Sino-xenic 定读(ja/ko/vi)+pinyin 通行(en/es)+th 音译或意译；待母语复核","filled"
"yijing:gua:guaigua","夬卦","guàiguà","十二消息卦","Guai","夬","괘","Khoái","—","Guai","Sino-xenic 定读(ja/ko/vi)+pinyin 通行(en/es)+th 音译或意译；待母语复核","filled"
"yijing:gua:qiangua","乾卦","qiánguà","十二消息卦","Qian","乾","건","Càn","—","Qian","Sino-xenic 定读(ja/ko/vi)+pinyin 通行(en/es)+th 音译或意译；待母语复核","filled"
"yijing:gua:gougua","姤卦","gòuguà","十二消息卦","Gou","姤","고","Cấu","—","Gou","Sino-xenic 定读(ja/ko/vi)+pinyin 通行(en/es)+th 音译或意译；待母语复核","filled"
"yijing:gua:dungua","遁卦","dùnguà","十二消息卦","Dun","遯","돈","Độn","—","Dun","Sino-xenic 定读(ja/ko/vi)+pinyin 通行(en/es)+th 音译或意译；待母语复核","filled"
"yijing:gua:pigua","否卦","pǐguà","十二消息卦","Fou","否","부","U","—","Fou","Sino-xenic 定读(ja/ko/vi)+pinyin 通行(en/es)+th 音译或意译；待母语复核","filled"
"yijing:gua:guangua","观卦","guānguà","十二消息卦","Guan","觀","관","Quan","—","Guan","Sino-xenic 定读(ja/ko/vi)+pinyin 通行(en/es)+th 音译或意译；待母语复核","filled"
"yijing:gua:bogua","剥卦","bōguà","十二消息卦","Bo","剝","박","Bác","—","Bo","Sino-xenic 定读(ja/ko/vi)+pinyin 通行(en/es)+th 音译或意译；待母语复核","filled"
"yijing:gua:kungua","坤卦","kūnguà","十二消息卦","Kun","坤","곤","Khôn","—","Kun","Sino-xenic 定读(ja/ko/vi)+pinyin 通行(en/es)+th 音译或意译；待母语复核","filled"
"tier2:yijing:heluo:hetuyiliushui","河图一六水","hétúyīliùshuǐ","河洛","—","河図の一六水","하도일육수","Ha Do mot sau thuy","Hetu yi liu shui","agua uno-seis del Diagrama del Río","汉字文化圈术语：ja/ko 保留汉字原词、vi 用汉越词、th 音译、es 西语意译（首见处附拼音），待母语复核。","filled"
"tier2:yijing:heluo:hetuerqihuo","河图二七火","hétúèrqīhuǒ","河洛","—","河図の二七火","하도이칠화","Ha Do hai bay hoa","Hetu er qi huo","fuego dos-siete del Diagrama del Río","汉字文化圈术语：ja/ko 保留汉字原词、vi 用汉越词、th 音译、es 西语意译（首见处附拼音），待母语复核。","filled"
"tier2:yijing:heluo:hetusanbamu","河图三八木","hétúsānbāmù","河洛","—","河図の三八木","하도삼팔목","Ha Do ba tam moc","Hetu san ba mu","madera tres-ocho del Diagrama del Río","汉字文化圈术语：ja/ko 保留汉字原词、vi 用汉越词、th 音译、es 西语意译（首见处附拼音），待母语复核。","filled"
"tier2:yijing:heluo:hetusijiujin","河图四九金","hétúsìjiǔjīn","河洛","—","河図の四九金","하도시구금","Ha Do bon cu kim","Hetu si jiu jin","metal cuatro-nueve del Diagrama del Río","汉字文化圈术语：ja/ko 保留汉字原词、vi 用汉越词、th 音译、es 西语意译（首见处附拼音），待母语复核。","filled"
"tier2:yijing:heluo:hetuwushitu","河图五十土","hétúwǔshítǔ","河洛","—","河図の五十土","하도시십토","Ha Do nam thap tho","Hetu wu shi tu","tierra cinco-diez del Diagrama del Río","汉字文化圈术语：ja/ko 保留汉字原词、vi 用汉越词、th 音译、es 西语意译（首见处附拼音），待母语复核。","filled"
"tier2:yijing:heluo:luoshudaijiuluyi","洛书戴九履一","luòshūdàijiǔlǚyī","河洛","—","洛書の戴九履一","낙서대구려일","Looc Su dai cuu ly mot","Luoshu dai jiu lv yi","nueve arriba y uno abajo del Libro de Luoshu","汉字文化圈术语：ja/ko 保留汉字原词、vi 用汉越词、th 音译、es 西语意译（首见处附拼音），待母语复核。","filled"
"tier2:yijing:heluo:luoshuzuosan_youqi","洛书左三右七","luòshūzuǒsān yòuqī","河洛","—","洛書の左三右七","낙서좌삼우칠","Looc Su tra tam huu bay","Luoshu zuo san you qi","tres a la izquierda y siete a la derecha del Libro de Luoshu","汉字文化圈术语：ja/ko 保留汉字原词、vi 用汉越词、th 音译、es 西语意译（首见处附拼音），待母语复核。","filled"
"tier2:yijing:heluo:luoshuersiweijian","洛书二四为肩","luòshūèrsìwéijiān","河洛","—","洛書の二四為肩","낙서이사위견","Looc Su hai tu vi vien","Luoshu er si wei jian","dos y cuatro como hombros del Libro de Luoshu","汉字文化圈术语：ja/ko 保留汉字原词、vi 用汉越词、th 音译、es 西语意译（首见处附拼音），待母语复核。","filled"
"tier2:yijing:heluo:luoshuliubaweizu","洛书六八为足","luòshūliùbāwéizú","河洛","—","洛書の六八為足","낙서육팔위족","Looc Su sau tam vi chuan","Luoshu liu ba wei zu","seis y ocho como pies del Libro de Luoshu","汉字文化圈术语：ja/ko 保留汉字原词、vi 用汉越词、th 音译、es 西语意译（首见处附拼音），待母语复核。","filled"
"tier2:yijing:heluo:luoshuwujuzhongyang","洛书五居中央","luòshūwǔjūzhōngyāng","河洛","—","洛書の五居中央","낙서오거중앙","Looc Su nam cu trung uong","Luoshu wu ju zhong yang","cinco en el centro del Libro de Luoshu","汉字文化圈术语：ja/ko 保留汉字原词、vi 用汉越词、th 音译、es 西语意译（首见处附拼音），待母语复核。","filled"
"tier2:common:classic:sanmingtonghui","《三命通会》","sānmìngtōnghuì","命理典籍","—","三命通会","삼명통회","Tam Ming Thong Hoi","San Ming Tong Hui","San Ming Tong Hui","汉字文化圈术语：ja/ko 保留汉字原词、vi 用汉越词、th 音译、es 西语意译（首见处附拼音），待母语复核。","filled"
"tier2:common:classic:yuanhaiziping","《渊海子平》","yuānhǎizǐpíng","命理典籍","—","淵海子平","연해자평","Yuan Hai Tu Binh","Yuan Hai Zi Ping","Yuan Hai Zi Ping","汉字文化圈术语：ja/ko 保留汉字原词、vi 用汉越词、th 音译、es 西语意译（首见处附拼音），待母语复核。","filled"
"tier2:common:classic:ditiansui","《滴天髓》","dītiānsuǐ","命理典籍","—","滴天髄","적천수","Dich Thien Thuy","Di Tian Sui","Di Tian Sui","汉字文化圈术语：ja/ko 保留汉字原词、vi 用汉越词、th 音译、es 西语意译（首见处附拼音），待母语复核。","filled"
"tier2:common:classic:qiongtongbaojian","《穷通宝鉴》","qióngtōngbǎojiàn","命理典籍","—","窮通宝鑑","궁통보감","Cong Thong Bao Kiem","Qiong Tong Bao Jian","Qiong Tong Bao Jian","汉字文化圈术语：ja/ko 保留汉字原词、vi 用汉越词、th 音译、es 西语意译（首见处附拼音），待母语复核。","filled"
"tier2:common:classic:zipingzhenquan","《子平真诠》","zǐpíngzhēnquán","命理典籍","—","子平真詮","자평진권","Tu Binh Chan Thuan","Zi Ping Zhen Quan","Zi Ping Zhen Quan","汉字文化圈术语：ja/ko 保留汉字原词、vi 用汉越词、th 音译、es 西语意译（首见处附拼音），待母语复核。","filled"
"tier2:common:classic:shenfengtongkao","《神峰通考》","shénfēngtōngkǎo","命理典籍","—","神峰通考","신봉통고","Than Phong Thong Khao","Shen Feng Tong Kao","Shen Feng Tong Kao","汉字文化圈术语：ja/ko 保留汉字原词、vi 用汉越词、th 音译、es 西语意译（首见处附拼音），待母语复核。","filled"
"tier2:common:classic:ziweidoushuquanji","《紫微斗数全集》","zǐwēidǒushùquánjí","命理典籍","—","紫微斗数全集","자미두수전집","Ty Vi Dau So Toan Tap","Zi Wei Dou Shu Quan Ji","Zi Wei Dou Shu Quan Ji","汉字文化圈术语：ja/ko 保留汉字原词、vi 用汉越词、th 音译、es 西语意译（首见处附拼音），待母语复核。","filled"
"tier2:common:classic:xiejibianfangshu","《协纪辨方书》","xiéjìbiànfāngshū","命理典籍","—","協紀辨方書","협기변방서","Hiep Ky Bien Phuong Su","Xie Ji Bian Fang Shu","Xie Ji Bian Fang Shu","汉字文化圈术语：ja/ko 保留汉字原词、vi 用汉越词、th 音译、es 西语意译（首见处附拼音），待母语复核。","filled"
"tier2:common:classic:qimendunjia","《奇门遁甲》","qíméndùnjiǎ","命理典籍","—","奇門遁甲","기문둔갑","Ky Mon Ton Giap","Qi Men Dun Jia","Qi Men Dun Jia","汉字文化圈术语：ja/ko 保留汉字原词、vi 用汉越词、th 音译、es 西语意译（首见处附拼音），待母语复核。","filled"
"tier2:common:classic:liurendaquan","《六壬大全》","liùréndàquán","命理典籍","—","六壬大全","육신대전","Luc Nhan Dai Toan","Liu Ren Da Quan","Liu Ren Da Quan","汉字文化圈术语：ja/ko 保留汉字原词、vi 用汉越词、th 音译、es 西语意译（首见处附拼音），待母语复核。","filled"
"tier2:common:classic:taiyishenshu","《太乙神数》","tàiyǐshénshù","命理典籍","—","太乙神数","태이신수","Tai At Than So","Tai Yi Shen Shu","Tai Yi Shen Shu","汉字文化圈术语：ja/ko 保留汉字原词、vi 用汉越词、th 音译、es 西语意译（首见处附拼音），待母语复核。","filled"
"tier2:common:classic:yuxiaji","《玉匣记》","yùxiájì","命理典籍","—","玉匣記","옥합기","Ngoc Hap Ky","Yu Xia Ji","Yu Xia Ji","汉字文化圈术语：ja/ko 保留汉字原词、vi 用汉越词、th 音译、es 西语意译（首见处附拼音），待母语复核。","filled"
"tier2:common:classic:zangshu","《葬书》","zàngshū","命理典籍","—","葬書","장서","Tang Su","Zang Shu","Zang Shu","汉字文化圈术语：ja/ko 保留汉字原词、vi 用汉越词、th 音译、es 西语意译（首见处附拼音），待母语复核。","filled"
"tier2:common:classic:zhaijing","《宅经》","zháijīng","命理典籍","—","宅経","택경","Trach Kinh","Zhai Jing","Zhai Jing","汉字文化圈术语：ja/ko 保留汉字原词、vi 用汉越词、th 音译、es 西语意译（首见处附拼音），待母语复核。","filled"
"tier2:common:classic:zhouyi","《周易》","zhōuyì","命理典籍","—","周易","주이","Chu Yi","Zhou Yi","Zhou Yi","汉字文化圈术语：ja/ko 保留汉字原词、vi 用汉越词、th 音译、es 西语意译（首见处附拼音），待母语复核。","filled"
"tier2:astrology:beidou:tanlangxing","贪狼星","tānlángxīng","北斗七星","—","貪狼星","탐랑성","tam lang tinh","Tan Lang Xing","estrella Tan Lang","汉字文化圈术语：ja/ko 保留汉字原词、vi 用汉越词、th 音译、es 西语意译（首见处附拼音），待母语复核。","filled"
"tier2:astrology:beidou:jumenxing","巨门星","jùménxīng","北斗七星","—","巨門星","거문성","cu mon tinh","Ju Men Xing","estrella Ju Men","汉字文化圈术语：ja/ko 保留汉字原词、vi 用汉越词、th 音译、es 西语意译（首见处附拼音），待母语复核。","filled"
"tier2:astrology:beidou:lucunxing","禄存星","lùcúnxīng","北斗七星","—","—","록존성","loc ton tinh","Lu Cun Xing","estrella Lu Cun","汉字文化圈术语：ja/ko 保留汉字原词、vi 用汉越词、th 音译、es 西语意译（首见处附拼音），待母语复核。","filled"
"tier2:astrology:beidou:wenquxing","文曲星","wénqǔxīng","北斗七星","—","—","문곡성","van khuc tinh","Wen Qu Xing","estrella Wen Qu","汉字文化圈术语：ja/ko 保留汉字原词、vi 用汉越词、th 音译、es 西语意译（首见处附拼音），待母语复核。","filled"
"tier2:astrology:beidou:lianzhenxing","廉贞星","liánzhēnxīng","北斗七星","—","廉貞星","렴진성","lien trinh tinh","Lian Zhen Xing","estrella Lian Zhen","汉字文化圈术语：ja/ko 保留汉字原词、vi 用汉越词、th 音译、es 西语意译（首见处附拼音），待母语复核。","filled"
"tier2:astrology:beidou:wuquxing","武曲星","wǔqǔxīng","北斗七星","—","—","무곡성","vo khuc tinh","Wu Qu Xing","estrella Wu Qu","汉字文化圈术语：ja/ko 保留汉字原词、vi 用汉越词、th 音译、es 西语意译（首见处附拼音），待母语复核。","filled"
"tier2:astrology:beidou:pojunxing","破军星","pòjūnxīng","北斗七星","—","破軍星","파군성","po quan tinh","Po Jun Xing","estrella Po Jun","汉字文化圈术语：ja/ko 保留汉字原词、vi 用汉越词、th 音译、es 西语意译（首见处附拼音），待母语复核。","filled"
"tier2:bazi:shiganlu:jialuzaiyin","甲禄在寅","jiǎlùzàiyín","十干禄","—","—","갑록재인","giap loc tai yin","Jia lu zai Yin","lu de Jia en Yin","汉字文化圈术语：ja/ko 保留汉字原词、vi 用汉越词、th 音译、es 西语意译（首见处附拼音），待母语复核。","filled"
"tier2:bazi:shiganlu:yiluzaimao","乙禄在卯","yǐlùzàimǎo","十干禄","—","—","을록재묘","at loc tai mao","Yi lu zai Mao","lu de Yi en Mao","汉字文化圈术语：ja/ko 保留汉字原词、vi 用汉越词、th 音译、es 西语意译（首见处附拼音），待母语复核。","filled"
"tier2:bazi:shiganlu:bingluzaisi","丙禄在巳","bǐnglùzàisì","十干禄","—","—","병록재사","binh loc tai ty","Bing lu zai Si","lu de Bing en Si","汉字文化圈术语：ja/ko 保留汉字原词、vi 用汉越词、th 音译、es 西语意译（首见处附拼音），待母语复核。","filled"
"tier2:bazi:shiganlu:dingluzaiwu","丁禄在午","dīnglùzàiwǔ","十干禄","—","—","정록재오","dinh loc tai ngo","Ding lu zai Wu","lu de Ding en Wu","汉字文化圈术语：ja/ko 保留汉字原词、vi 用汉越词、th 音译、es 西语意译（首见处附拼音），待母语复核。","filled"
"tier2:bazi:shiganlu:wuluzaisi","戊禄在巳","wùlùzàisì","十干禄","—","—","무록재사","ngu loc tai ty","Wu lu zai Si","lu de Wu en Si","汉字文化圈术语：ja/ko 保留汉字原词、vi 用汉越词、th 音译、es 西语意译（首见处附拼音），待母语复核。","filled"
"tier2:bazi:shiganlu:jiluzaiwu","己禄在午","jǐlùzàiwǔ","十干禄","—","—","기록재오","ky loc tai ngo","Ji lu zai Wu","lu de Ji en Wu","汉字文化圈术语：ja/ko 保留汉字原词、vi 用汉越词、th 音译、es 西语意译（首见处附拼音），待母语复核。","filled"
"tier2:bazi:shiganlu:gengluzaishen","庚禄在申","gēnglùzàishēn","十干禄","—","—","경록재신","khanh loc tai sin","Geng lu zai Shen","lu de Geng en Shen","汉字文化圈术语：ja/ko 保留汉字原词、vi 用汉越词、th 音译、es 西语意译（首见处附拼音），待母语复核。","filled"
"tier2:bazi:shiganlu:xinluzaiyou","辛禄在酉","xīnlùzàiyǒu","十干禄","—","—","신록재유","tin loc tai dau","Xin lu zai You","lu de Xin en You","汉字文化圈术语：ja/ko 保留汉字原词、vi 用汉越词、th 音译、es 西语意译（首见处附拼音），待母语复核。","filled"
"tier2:bazi:shiganlu:renluzaihai","壬禄在亥","rénlùzàihài","十干禄","—","—","임록재해","nhan loc tai hai","Ren lu zai Hai","lu de Ren en Hai","汉字文化圈术语：ja/ko 保留汉字原词、vi 用汉越词、th 音译、es 西语意译（首见处附拼音），待母语复核。","filled"
"tier2:bazi:shiganlu:guiluzaizi","癸禄在子","guǐlùzàizǐ","十干禄","—","—","계록재자","quyi loc tai tu","Gui lu zai Zi","lu de Gui en Zi","汉字文化圈术语：ja/ko 保留汉字原词、vi 用汉越词、th 音译、es 西语意译（首见处附拼音），待母语复核。","filled"
"common:school:nianzhu","年柱","niánzhù","推命体系","Year Pillar","年柱","년주","Trụ Năm","เสาปี","Pilar del Año","Sino-xenic 定读(ja/ko/vi)+pinyin 通行(en/es)+th 音译或意译；待母语复核","filled"
"common:school:yuezhu","月柱","yuèzhù","推命体系","Month Pillar","月柱","월주","Trụ Tháng","เสาเดือน","Pilar del Mes","Sino-xenic 定读(ja/ko/vi)+pinyin 通行(en/es)+th 音译或意译；待母语复核","filled"
"common:school:rizhu","日柱","rìzhù","推命体系","Day Pillar","日柱","일주","Trụ Ngày","เสาวัน","Pilar del Día","Sino-xenic 定读(ja/ko/vi)+pinyin 通行(en/es)+th 音译或意译；待母语复核","filled"
"common:school:shizhu","时柱","shízhù","推命体系","Hour Pillar","時柱","시주","Trụ Giờ","เสายาม","Pilar de la Hora","Sino-xenic 定读(ja/ko/vi)+pinyin 通行(en/es)+th 音译或意译；待母语复核","filled"
"common:school:dayun","大运","dàyùn","推命体系","Luck Pillar","大運","대운","Đại Vận","ไต่อวิ้น","Pilar de la suerte","Sino-xenic 定读(ja/ko/vi)+pinyin 通行(en/es)+th 音译或意译；待母语复核","filled"
"common:school:liunian","流年","liúnián","推命体系","Annual Luck","流年","유년","Lưu Niên","หลิวเหนียน","Suerte anual","Sino-xenic 定读(ja/ko/vi)+pinyin 通行(en/es)+th 音译或意译；待母语复核","filled"
"tier2:common:term:taiyuan","胎元","tāiyuán","推命体系","—","—","태원","thai nguyen","Tai Yuan","Tai Yuan","汉字文化圈术语：ja/ko 保留汉字原词、vi 用汉越词、th 音译、es 西语意译（首见处附拼音），待母语复核。","filled"
"common:school:minggong","命宫","mìnggōng","推命体系","Life Palace","命宮","명궁","Mệnh Cung","เหมิงกง","Palacio de la Vida","Sino-xenic 定读(ja/ko/vi)+pinyin 通行(en/es)+th 音译或意译；待母语复核","filled"
"common:school:shengong","身宫","shēngōng","推命体系","—","—","—","—","—","—","汉字文化圈术语：ja/ko 保留汉字原词、vi 用汉越词、th 音译、es 西语意译（首见处附拼音），待母语复核。","filled"
"tier2:ziwei:star:tianguan","天官","tiānguān","紫微星曜","—","—","천관","thien quan","Tian Guan","Tian Guan","汉字文化圈术语：ja/ko 保留汉字原词、vi 用汉越词、th 音译、es 西语意译（首见处附拼音），待母语复核。","filled"
"tier2:ziwei:star:tianfu_2","天福","tiānfú","紫微星曜","—","—","천복","thien phuc","Tian Fu","Tian Fu","汉字文化圈术语：ja/ko 保留汉字原词、vi 用汉越词、th 音译、es 西语意译（首见处附拼音），待母语复核。","filled"
"tier2:ziwei:star:santai","三台","sāntái","紫微星曜","—","—","삼대","tam thai","San Tai","San Tai","汉字文化圈术语：ja/ko 保留汉字原词、vi 用汉越词、th 音译、es 西语意译（首见处附拼音），待母语复核。","filled"
"tier2:ziwei:star:bazuo","八座","bāzuò","紫微星曜","—","—","팔좌","bat toa","Ba Zuo","Ba Zuo","汉字文化圈术语：ja/ko 保留汉字原词、vi 用汉越词、th 音译、es 西语意译（首见处附拼音），待母语复核。","filled"
"tier2:ziwei:star:longchi","龙池","lóngchí","紫微星曜","—","龍池","용지","long chi","Long Chi","Long Chi","汉字文化圈术语：ja/ko 保留汉字原词、vi 用汉越词、th 音译、es 西语意译（首见处附拼音），待母语复核。","filled"
"tier2:ziwei:star:fengge","凤阁","fènggé","紫微星曜","—","鳳閣","봉각","phong cang","Feng Ge","Feng Ge","汉字文化圈术语：ja/ko 保留汉字原词、vi 用汉越词、th 音译、es 西语意译（首见处附拼音），待母语复核。","filled"
"tier2:ziwei:star:taifu","台辅","táifǔ","紫微星曜","—","台輔","대보","thai phu","Tai Fu","Tai Fu","汉字文化圈术语：ja/ko 保留汉字原词、vi 用汉越词、th 音译、es 西语意译（首见处附拼音），待母语复核。","filled"
"tier2:ziwei:star:fenggao","封诰","fēnggào","紫微星曜","—","封誥","봉고","phong giao","Feng Gao","Feng Gao","汉字文化圈术语：ja/ko 保留汉字原词、vi 用汉越词、th 音译、es 西语意译（首见处附拼音），待母语复核。","filled"
"tier2:ziwei:star:tianku","天哭","tiānkū","紫微星曜","—","—","천곡","thien khoc","Tian Ku","Tian Ku","汉字文化圈术语：ja/ko 保留汉字原词、vi 用汉越词、th 音译、es 西语意译（首见处附拼音），待母语复核。","filled"
"tier2:ziwei:star:tianwu","天巫","tiānwū","紫微星曜","—","—","천무","thien vu","Tian Wu","Tian Wu","汉字文化圈术语：ja/ko 保留汉字原词、vi 用汉越词、th 音译、es 西语意译（首见处附拼音），待母语复核。","filled"
"tier2:ziwei:star:tianyue_2","天月","tiānyuè","紫微星曜","—","—","천월","thien nguet","Tian Yue","Tian Yue","汉字文化圈术语：ja/ko 保留汉字原词、vi 用汉越词、th 音译、es 西语意译（首见处附拼音），待母语复核。","filled"
"tier2:ziwei:star:tianshang","天伤","tiānshāng","紫微星曜","—","天傷","천상","thien sang","Tian Shang","Tian Shang","汉字文化圈术语：ja/ko 保留汉字原词、vi 用汉越词、th 音译、es 西语意译（首见处附拼音），待母语复核。","filled"
"tier2:ziwei:star:tianshi","天使","tiānshǐ","紫微星曜","—","—","천사","thien thi","Tian Shi","Tian Shi","汉字文化圈术语：ja/ko 保留汉字原词、vi 用汉越词、th 音译、es 西语意译（首见处附拼音），待母语复核。","filled"
"tier2:ziwei:star:jiekong","截空","jiékōng","紫微星曜","—","—","절공","tiet khong","Jie Kong","Jie Kong","汉字文化圈术语：ja/ko 保留汉字原词、vi 用汉越词、th 音译、es 西语意译（首见处附拼音），待母语复核。","filled"
"ziwei:star:xunkong","旬空","xúnkōng","紫微星曜","—","—","—","—","—","—","汉字文化圈术语：ja/ko 保留汉字原词、vi 用汉越词、th 音译、es 西语意译（首见处附拼音），待母语复核。","filled"
"tier2:ziwei:star:hongfen","红粉","hóngfěn","紫微星曜","—","紅粉","홍분","hong phan","Hong Fen","Hong Fen","汉字文化圈术语：ja/ko 保留汉字原词、vi 用汉越词、th 音译、es 西语意译（首见处附拼音），待母语复核。","filled"
"ziwei:star:xishen","喜神","xǐshén","紫微星曜","—","—","—","—","—","—","汉字文化圈术语：ja/ko 保留汉字原词、vi 用汉越词、th 音译、es 西语意译（首见处附拼音），待母语复核。","filled"
"tier2:ziwei:star:zoushu","奏书","zòushū","紫微星曜","—","奏書","주서","tau su","Zou Shu","Zou Shu","汉字文化圈术语：ja/ko 保留汉字原词、vi 用汉越词、th 音译、es 西语意译（首见处附拼音），待母语复核。","filled"
"tier2:ziwei:star:feilian","飞廉","fēilián","紫微星曜","—","飛廉","비렴","phi lien","Fei Lian","Fei Lian","汉字文化圈术语：ja/ko 保留汉字原词、vi 用汉越词、th 音译、es 西语意译（首见处附拼音），待母语复核。","filled"
"tier2:ziwei:star:boshi","博士","bóshì","紫微星曜","—","—","박사","bac si","Bo Shi","Bo Shi","汉字文化圈术语：ja/ko 保留汉字原词、vi 用汉越词、th 音译、es 西语意译（首见处附拼音），待母语复核。","filled"
"tier2:ziwei:star:lishi","力士","lìshì","紫微星曜","—","—","력사","ly suc","Li Shi","Li Shi","汉字文化圈术语：ja/ko 保留汉字原词、vi 用汉越词、th 音译、es 西语意译（首见处附拼音），待母语复核。","filled"
"tier2:ziwei:star:jiangjun","将军","jiāngjūn","紫微星曜","—","将軍","장군","tong quan","Jiang Jun","Jiang Jun","汉字文化圈术语：ja/ko 保留汉字原词、vi 用汉越词、th 音译、es 西语意译（首见处附拼音），待母语复核。","filled"
"tier2:ziwei:star:fubing","伏兵","fúbīng","紫微星曜","—","—","복병","phuc binh","Fu Bing","Fu Bing","汉字文化圈术语：ja/ko 保留汉字原词、vi 用汉越词、th 音译、es 西语意译（首见处附拼音），待母语复核。","filled"
"tier2:ziwei:star:guanfu","官府","guānfǔ","紫微星曜","—","—","관부","quan fu","Guan Fu","Guan Fu","汉字文化圈术语：ja/ko 保留汉字原词、vi 用汉越词、th 音译、es 西语意译（首见处附拼音），待母语复核。","filled"
"tier2:ziwei:star:suijian","岁建","suìjiàn","紫微星曜","—","歳建","세건","tuoi kien","Sui Jian","Sui Jian","汉字文化圈术语：ja/ko 保留汉字原词、vi 用汉越词、th 音译、es 西语意译（首见处附拼音），待母语复核。","filled"
"tier2:ziwei:star:huiqi","晦气","huìqì","紫微星曜","—","晦気","회기","hoi khi","Hui Qi","Hui Qi","汉字文化圈术语：ja/ko 保留汉字原词、vi 用汉越词、th 音译、es 西语意译（首见处附拼音），待母语复核。","filled"
"tier2:ziwei:star:guansuo","贯索","guànsuǒ","紫微星曜","—","貫索","관삭","quan toa","Guan Suo","Guan Suo","汉字文化圈术语：ja/ko 保留汉字原词、vi 用汉越词、th 音译、es 西语意译（首见处附拼音），待母语复核。","filled"
"tier2:ziwei:star:guanfu_2","官符","guānfú","紫微星曜","—","—","관부","quan phu","Guan Fu","Guan Fu","汉字文化圈术语：ja/ko 保留汉字原词、vi 用汉越词、th 音译、es 西语意译（首见处附拼音），待母语复核。","filled"
"tier2:bazi:shensha:diaoke","吊客","diàokè","紫微星曜","—","—","조객","dieu khach","Diao Ke","Diao Ke","汉字文化圈术语：ja/ko 保留汉字原词、vi 用汉越词、th 音译、es 西语意译（首见处附拼音），待母语复核。","filled"
"tier2:ziwei:star:tiansha","天煞","tiānshà","紫微星曜","—","—","천사","thien sa","Tian Sha","Tian Sha","汉字文化圈术语：ja/ko 保留汉字原词、vi 用汉越词、th 音译、es 西语意译（首见处附拼音），待母语复核。","filled"
"tier2:ziwei:star:zhibei","指背","zhǐbèi","紫微星曜","—","—","지배","chi boi","Zhi Bei","Zhi Bei","汉字文化圈术语：ja/ko 保留汉字原词、vi 用汉越词、th 音译、es 西语意译（首见处附拼音），待母语复核。","filled"
"tier2:ziwei:star:yuesha","月煞","yuèshà","紫微星曜","—","—","월사","nguet sa","Yue Sha","Yue Sha","汉字文化圈术语：ja/ko 保留汉字原词、vi 用汉越词、th 音译、es 西语意译（首见处附拼音），待母语复核。","filled"
"tier2:ziwei:star:wangshen","亡神","wángshén","紫微星曜","—","—","망신","vuong than","Wang Shen","Wang Shen","汉字文化圈术语：ja/ko 保留汉字原词、vi 用汉越词、th 音译、es 西语意译（首见处附拼音），待母语复核。","filled"
"tier2:ziwei:star:miao","庙","miào","紫微星曜","—","廟","묘","thi","Miao","Miao","汉字文化圈术语：ja/ko 保留汉字原词、vi 用汉越词、th 音译、es 西语意译（首见处附拼音），待母语复核。","filled"
"tier2:ziwei:star:wang","旺","wàng","紫微星曜","—","—","왕","uong","Wang","Wang","汉字文化圈术语：ja/ko 保留汉字原词、vi 用汉越词、th 音译、es 西语意译（首见处附拼音），待母语复核。","filled"
"ziwei:star:dedi","得地","dédì","紫微星曜","—","—","—","—","—","—","汉字文化圈术语：ja/ko 保留汉字原词、vi 用汉越词、th 音译、es 西语意译（首见处附拼音），待母语复核。","filled"
"tier2:ziwei:star:liyi","利益","lìyì","紫微星曜","—","—","이익","loi ich","Li Yi","Li Yi","汉字文化圈术语：ja/ko 保留汉字原词、vi 用汉越词、th 音译、es 西语意译（首见处附拼音），待母语复核。","filled"
"tier2:ziwei:star:pinghe","平和","pínghé","紫微星曜","—","—","평화","binh hoa","Ping He","Ping He","汉字文化圈术语：ja/ko 保留汉字原词、vi 用汉越词、th 音译、es 西语意译（首见处附拼音），待母语复核。","filled"
"tier2:ziwei:star:luoxian","落陷","luòxiàn","紫微星曜","—","—","락함","loac huyen","Luo Xian","Luo Xian","汉字文化圈术语：ja/ko 保留汉字原词、vi 用汉越词、th 音译、es 西语意译（首见处附拼音），待母语复核。","filled"
"tier2:ziwei:star:budedi","不得地","bùdédì","紫微星曜","—","—","부득지","bat dac dia","Bu De Di","Bu De Di","汉字文化圈术语：ja/ko 保留汉字原词、vi 用汉越词、th 音译、es 西语意译（首见处附拼音），待母语复核。","filled"
"ziwei:star:daxian","大限","dàxiàn","紫微星曜","Decade Luck","大限","대한","Đại Hạn","ไต้ฮั่น","Suerte decenal","Sino-xenic 定读(ja/ko/vi)+pinyin 通行(en/es)+th 音译或意译；待母语复核","filled"
"tier2:ziwei:star:xiaoxian","小限","xiǎoxiàn","紫微星曜","—","—","소한","thieu han","Xiao Xian","Xiao Xian","汉字文化圈术语：ja/ko 保留汉字原词、vi 用汉越词、th 音译、es 西语意译（首见处附拼音），待母语复核。","filled"
"tier2:ziwei:star:doujun","斗君","dòujūn","紫微星曜","—","—","두군","dau quan","Dou Jun","Dou Jun","汉字文化圈术语：ja/ko 保留汉字原词、vi 用汉越词、th 音译、es 西语意译（首见处附拼音），待母语复核。","filled"
"ziwei:star:paipan","排盘","páipán","紫微星曜","—","—","—","—","—","—","汉字文化圈术语：ja/ko 保留汉字原词、vi 用汉越词、th 音译、es 西语意译（首见处附拼音），待母语复核。","filled"
"ziwei:star:anxing","安星","ānxīng","紫微星曜","—","—","—","—","—","—","汉字文化圈术语：ja/ko 保留汉字原词、vi 用汉越词、th 音译、es 西语意译（首见处附拼音），待母语复核。","filled"
"tier2:ziwei:star:zhengyao","正曜","zhèngyào","紫微星曜","—","—","정요","chinh yao","Zheng Yao","Zheng Yao","汉字文化圈术语：ja/ko 保留汉字原词、vi 用汉越词、th 音译、es 西语意译（首见处附拼音），待母语复核。","filled"
"tier2:ziwei:star:fuyao","辅曜","fǔyào","紫微星曜","—","輔曜","보요","phu yao","Fu Yao","Fu Yao","汉字文化圈术语：ja/ko 保留汉字原词、vi 用汉越词、th 音译、es 西语意译（首见处附拼音），待母语复核。","filled"
"tier2:ziwei:star:zuoyao","佐曜","zuǒyào","紫微星曜","—","—","좌요","toa yao","Zuo Yao","Zuo Yao","汉字文化圈术语：ja/ko 保留汉字原词、vi 用汉越词、th 音译、es 西语意译（首见处附拼音），待母语复核。","filled"
"tier2:ziwei:star:zaoyao","杂曜","záoyào","紫微星曜","—","雑曜","잡요","tap yao","Za Yao","Za Yao","汉字文化圈术语：ja/ko 保留汉字原词、vi 用汉越词、th 音译、es 西语意译（首见处附拼音），待母语复核。","filled"
"tier2:ziwei:star:suiyao","岁曜","suìyào","紫微星曜","—","歳曜","세요","tuoi yao","Sui Yao","Sui Yao","汉字文化圈术语：ja/ko 保留汉字原词、vi 用汉越词、th 音译、es 西语意译（首见处附拼音），待母语复核。","filled"
"tier2:ziwei:star:liujixing","六吉星","liùjíxīng","紫微星曜","—","—","육길성","luc cat tinh","Liu Ji Xing","seis estrellas auspiciosas","汉字文化圈术语：ja/ko 保留汉字原词、vi 用汉越词、th 音译、es 西语意译（首见处附拼音），待母语复核。","filled"
"tier2:ziwei:star:liushaxing","六煞星","liùshàxīng","紫微星曜","—","—","육사성","luc sa tinh","Liu Sha Xing","seis estrellas malignas","汉字文化圈术语：ja/ko 保留汉字原词、vi 用汉越词、th 音译、es 西语意译（首见处附拼音），待母语复核。","filled"
"tier2:ziwei:star:nandouxing","南斗星","nándǒuxīng","紫微星曜","—","—","남두성","nam dau tinh","Nan Dou Xing","estrellas del Sur","汉字文化圈术语：ja/ko 保留汉字原词、vi 用汉越词、th 音译、es 西语意译（首见处附拼音），待母语复核。","filled"
"tier2:ziwei:star:beidouxing","北斗星","běidǒuxīng","紫微星曜","—","—","북두성","bac dau tinh","Bei Dou Xing","estrellas del Norte","汉字文化圈术语：ja/ko 保留汉字原词、vi 用汉越词、th 音译、es 西语意译（首见处附拼音），待母语复核。","filled"
"tier2:ziwei:star:zhongtianxing","中天星","zhōngtiānxīng","紫微星曜","—","—","중천성","trung thien tinh","Zhong Tian Xing","estrellas del Cielo Medio","汉字文化圈术语：ja/ko 保留汉字原词、vi 用汉越词、th 音译、es 西语意译（首见处附拼音），待母语复核。","filled"
"tier2:ziwei:star:dongdouxing","东斗星","dōngdǒuxīng","紫微星曜","—","東斗星","동두성","dong dau tinh","Dong Dou Xing","estrellas del Este","汉字文化圈术语：ja/ko 保留汉字原词、vi 用汉越词、th 音译、es 西语意译（首见处附拼音），待母语复核。","filled"
"tier2:ziwei:star:xidouxing","西斗星","xīdǒuxīng","紫微星曜","—","—","서두성","tay dau tinh","Xi Dou Xing","estrellas del Oeste","汉字文化圈术语：ja/ko 保留汉字原词、vi 用汉越词、th 音译、es 西语意译（首见处附拼音），待母语复核。","filled"
"tier2:ziwei:star:mingpan","命盘","mìngpán","紫微星曜","—","命盤","명판","minh ban","Ming Pan","Ming Pan","汉字文化圈术语：ja/ko 保留汉字原词、vi 用汉越词、th 音译、es 西语意译（首见处附拼音），待母语复核。","filled"
"tier2:ziwei:star:qiziwei","起紫微","qǐzǐwēi","紫微星曜","—","—","기자미","khay ty vi","Qi Zi Wei","Qi Zi Wei","汉字文化圈术语：ja/ko 保留汉字原词、vi 用汉越词、th 音译、es 西语意译（首见处附拼音），待母语复核。","filled"
"tier2:ziwei:star:anshisizhengyao","安十四正曜","ānshísìzhèngyào","紫微星曜","—","十四正曜の配置","14정성안배","an mười bốn chính diệu","การติดตั้งดาวหลักสิบสี่","colocación de los catorce estrellas principales","汉字文化圈术语：ja/ko 保留汉字原词、vi 用汉越词、th 音译、es 西语意译（首见处附拼音），待母语复核。","filled"
"tier2:common:term:sanfangsizheng","三方四正","sānfāngsìzhèng","紫微星曜","—","—","삼방사정","tam phương tứ chính","สามทิศสี่แนว","tres direcciones y cuatro posiciones","汉字文化圈术语：ja/ko 保留汉字原词、vi 用汉越词、th 音译、es 西语意译（首见处附拼音），待母语复核。","filled"
"tier2:ziwei:star:duigong","对宫","duìgōng","紫微星曜","—","対宮","대궁","đối cung","ราศีตรงข้าม","palacio opuesto","汉字文化圈术语：ja/ko 保留汉字原词、vi 用汉越词、th 音译、es 西语意译（首见处附拼音），待母语复核。","filled"
"tier2:ziwei:star:hegong","合宫","hégōng","紫微星曜","—","—","합궁","hợp cung","ราศีรวม","palacio combinado","汉字文化圈术语：ja/ko 保留汉字原词、vi 用汉越词、th 音译、es 西语意译（首见处附拼音），待母语复核。","filled"
"tier2:ziwei:star:jiagong","夹宫","jiágōng","紫微星曜","—","—","가궁","kẹp cung","ราศีบีบ","palacio en pinza","汉字文化圈术语：ja/ko 保留汉字原词、vi 用汉越词、th 音译、es 西语意译（首见处附拼音），待母语复核。","filled"
"tier2:ziwei:star:gongming","拱命","gǒngmìng","紫微星曜","—","—","궁명","cung mệnh","ดาวหนุนชะตา","arco de destino","汉字文化圈术语：ja/ko 保留汉字原词、vi 用汉越词、th 音译、es 西语意译（首见处附拼音），待母语复核。","filled"
"tier2:ziwei:star:zhaoming","照命","zhàomìng","紫微星曜","—","—","조명","chiếu mệnh","ดาวส่องชะตา","iluminación del destino","汉字文化圈术语：ja/ko 保留汉字原词、vi 用汉越词、th 音译、es 西语意译（首见处附拼音），待母语复核。","filled"
"tier2:ziwei:star:zuoming","坐命","zuòmìng","紫微星曜","—","—","좌명","tọa mệnh","ดาวสถิตชะตา","asiento del destino","汉字文化圈术语：ja/ko 保留汉字原词、vi 用汉越词、th 音译、es 西语意译（首见处附拼音），待母语复核。","filled"
"tier2:ziwei:star:shouming","守命","shǒumìng","紫微星曜","—","—","수명","thủ mệnh","ดาวพิทักษ์ชะตา","guarda del destino","汉字文化圈术语：ja/ko 保留汉字原词、vi 用汉越词、th 音译、es 西语意译（首见处附拼音），待母语复核。","filled"
"tier2:ziwei:star:rumiao","入庙","rùmiào","紫微星曜","—","—","입묘","nhập miếu","เข้าที่ศักดิ์สิทธิ์","entrada al templo","汉字文化圈术语：ja/ko 保留汉字原词、vi 用汉越词、th 音译、es 西语意译（首见处附拼音），待母语复核。","filled"
"tier2:ziwei:star:jiexingangong","借星安宫","jièxīngāngōng","紫微星曜","—","—","차성안궁","giả tinh an cung","ยืมดาวตั้งราศี","préstamo de estrellas para palacios","汉字文化圈术语：ja/ko 保留汉字原词、vi 用汉越词、th 音译、es 西语意译（首见处附拼音），待母语复核。","filled"
"tier2:ziwei:star:mingwuzhengyao","命无正曜","mìngwúzhèngyào","紫微星曜","—","—","명무정요","mệnh vô chính diệu","ชะตาไร้ดาวหลัก","destino sin estrellas principales","汉字文化圈术语：ja/ko 保留汉字原词、vi 用汉越词、th 音译、es 西语意译（首见处附拼音），待母语复核。","filled"
"tier2:ziwei:star:zuoyoutonggong","左右同宫","zuǒyòutónggōng","紫微星曜","—","—","좌우동궁","trái hữu đồng cung","ดาวซ้ายขวาร่วมราศี","izquierda y derecha en el mismo palacio","汉字文化圈术语：ja/ko 保留汉字原词、vi 用汉越词、th 音译、es 西语意译（首见处附拼音），待母语复核。","filled"
"tier2:ziwei:star:changqutonggong","昌曲同宫","chāngqūtónggōng","紫微星曜","—","—","창곡동궁","sương khúc đồng cung","ดาวฉางฉวี่ร่วมราศี","chang y qu en el mismo palacio","汉字文化圈术语：ja/ko 保留汉字原词、vi 用汉越词、th 音译、es 西语意译（首见处附拼音），待母语复核。","filled"
"tier2:ziwei:star:kuiyuejiaming","魁钺夹命","kuíyuèjiāmìng","紫微星曜","—","—","규월가명","khôi nguyệt kẹp mệnh","ดาวกุ้ยเยว่บีบชะตา","kui y yue en pinza del destino","汉字文化圈术语：ja/ko 保留汉字原词、vi 用汉越词、th 音译、es 西语意译（首见处附拼音），待母语复核。","filled"
"tier2:ziwei:star:lumajiaochi","禄马交驰","lùmǎjiāochí","紫微星曜","—","—","록마교치","lộc mã giao trì","ดาวลู่หม่าควบคู่","lu y ma en carrera cruzada","汉字文化圈术语：ja/ko 保留汉字原词、vi 用汉越词、th 音译、es 西语意译（首见处附拼音），待母语复核。","filled"
"tier2:ziwei:star:huotan","火贪","huǒtān","紫微星曜","—","—","화탐","hỏa tham","ดาวหั่วถัน","huo tan","汉字文化圈术语：ja/ko 保留汉字原词、vi 用汉越词、th 音译、es 西语意译（首见处附拼音），待母语复核。","filled"
"tier2:ziwei:star:lingtan","铃贪","língtān","紫微星曜","—","—","령탐","linh tham","ดาวหลิงถัน","ling tan","汉字文化圈术语：ja/ko 保留汉字原词、vi 用汉越词、th 音译、es 西语意译（首见处附拼音），待母语复核。","filled"
"tier2:ziwei:star:tanwutongxing","贪武同行","tānwǔtóngxíng","紫微星曜","—","—","탐무동행","tham vũ đồng hành","ดาวถันอู่ร่วมทาง","tan y wu en compañía","汉字文化圈术语：ja/ko 保留汉字原词、vi 用汉越词、th 音译、es 西语意译（首见处附拼音），待母语复核。","filled"
"tier2:ziwei:star:riyuebingming","日月并明","riyuèbìngmíng","紫微星曜","—","—","일월병명","nhật nguyệt tịnh minh","ดวงอาทิตย์ดวงจันทร์สว่างพร้อม","sol y luna brillando juntos","汉字文化圈术语：ja/ko 保留汉字原词、vi 用汉越词、th 音译、es 西语意译（首见处附拼音），待母语复核。","filled"
"tier2:ziwei:star:riyuefanbei","日月反背","riyuèfǎnbèi","紫微星曜","—","—","일월반배","nhật nguyệt phản bội","ดวงอาทิตย์ดวงจันทร์กลับทิศ","sol y luna en oposición","汉字文化圈术语：ja/ko 保留汉字原词、vi 用汉越词、th 音译、es 西语意译（首见处附拼音），待母语复核。","filled"
"tier2:ziwei:star:xingjiaoyin","刑囚夹印","xíngjiáoyìn","紫微星曜","—","—","형수가인","hình tù kẹp ấn","ดาวซิงโจวบีบดาวอิ่น","xing y qiu en pinza del sello","汉字文化圈术语：ja/ko 保留汉字原词、vi 用汉越词、th 音译、es 西语意译（首见处附拼音），待母语复核。","filled"
"tier2:ziwei:star:fanshuitaohua","泛水桃花","fànshuǐtáohuā","紫微星曜","—","—","범수도화","phạm thủy đào hoa","ดอกท้อลอยน้ำ","flor de durazno sobre el agua","汉字文化圈术语：ja/ko 保留汉字原词、vi 用汉越词、th 音译、es 西语意译（首见处附拼音），待母语复核。","filled"
"tier2:ziwei:star:fengliucaizhang","风流彩杖","fēngliúcǎizhàng","紫微星曜","—","—","풍류채장","phong lưu thái trượng","ไม้เท้าสีลม","bastón de colores del viento","汉字文化圈术语：ja/ko 保留汉字原词、vi 用汉越词、th 音译、es 西语意译（首见处附拼音），待母语复核。","filled"
"tier2:ziwei:star:juhuoqingyang","巨火擎羊","jùhuǒqíngyáng","紫微星曜","—","—","거화경양","cự hỏa khinh dương","ดาวจู้หั่วชิงหยาง","ju huo qing yang","汉字文化圈术语：ja/ko 保留汉字原词、vi 用汉越词、th 音译、es 西语意译（首见处附拼音），待母语复核。","filled"
"tier2:ziwei:star:zifuchaoyuan","紫府朝垣","zǐfǔcháoyuán","紫微星曜","—","—","자부조원","tử phủ triều nguyên","ดาวจื่อฝู่เข้าเฝ้า","zi fu rindiendo homenaje a la muralla","汉字文化圈术语：ja/ko 保留汉字原词、vi 用汉越词、th 音译、es 西语意译（首见处附拼音），待母语复核。","filled"
"tier2:ziwei:star:fuxiangchaoyuan","府相朝垣","fǔxiàngcháoyuán","紫微星曜","—","—","부상조원","phủ tướng triều nguyên","ดาวฝู่เซี่ยงเข้าเฝ้า","fu xiang rindiendo homenaje a la muralla","汉字文化圈术语：ja/ko 保留汉字原词、vi 用汉越词、th 音译、es 西语意译（首见处附拼音），待母语复核。","filled"
"tier2:ziwei:star:wutantongxing","武贪同行","wǔtāntóngxíng","紫微星曜","—","—","무탐동행","vũ tham đồng hành","ดาวอู่ถันร่วมทาง","wu y tan en compañía","汉字文化圈术语：ja/ko 保留汉字原词、vi 用汉越词、th 音译、es 西语意译（首见处附拼音），待母语复核。","filled"
"tier2:ziwei:star:liantantonggong","廉贪同宫","liántāntónggōng","紫微星曜","—","—","렴탐동궁","liêm tham đồng cung","ดาวเหลียนถันร่วมราศี","lian y tan en el mismo palacio","汉字文化圈术语：ja/ko 保留汉字原词、vi 用汉越词、th 音译、es 西语意译（首见处附拼音），待母语复核。","filled"
"tier2:ziwei:star:tonglianghuizhao","同梁会照","tóngliánghuìzhào","紫微星曜","—","—","동량회조","đồng lương hội chiếu","ดาวถงเหลียงพบกัน","tong y liang en reunión e iluminación","汉字文化圈术语：ja/ko 保留汉字原词、vi 用汉越词、th 音译、es 西语意译（首见处附拼音），待母语复核。","filled"
"tier2:ziwei:star:jijutonglin","机巨同临","jījùtónglín","紫微星曜","—","—","기거동림","cơ cự đồng lâm","ดาวจีจู้ร่วมที่","ji y ju en presencia conjunta","汉字文化圈术语：ja/ko 保留汉字原词、vi 用汉越词、th 音译、es 西语意译（首见处附拼音），待母语复核。","filled"
"tier2:ziwei:star:mingzhu","命主","mìngzhǔ","紫微星曜","—","—","명주","mệnh chủ","เจ้าชะตา","señor del destino","汉字文化圈术语：ja/ko 保留汉字原词、vi 用汉越词、th 音译、es 西语意译（首见处附拼音），待母语复核。","filled"
"tier2:ziwei:star:shenzhu","身主","shēnzhǔ","紫微星曜","—","—","신주","thân chủ","เจ้ากาย","señor del cuerpo","汉字文化圈术语：ja/ko 保留汉字原词、vi 用汉越词、th 音译、es 西语意译（首见处附拼音），待母语复核。","filled"
"tier2:ziwei:star:doushu","斗数","dòushù","紫微星曜","—","—","두수","đẩu số","โหราศาสตร์ดาว","astronomía de las estrellas","汉字文化圈术语：ja/ko 保留汉字原词、vi 用汉越词、th 音译、es 西语意译（首见处附拼音），待母语复核。","filled"
"tier2:ziwei:star:feixing","飞星","fēixīng","紫微星曜","—","—","비성","phi tinh","ดาวบิน","estrella voladora","汉字文化圈术语：ja/ko 保留汉字原词、vi 用汉越词、th 音译、es 西语意译（首见处附拼音），待母语复核。","filled"
"tier2:ziwei:star:gonggan","宫干","gōnggàn","紫微星曜","—","—","궁간","cung can","ก้านราศี","tronco del palacio","汉字文化圈术语：ja/ko 保留汉字原词、vi 用汉越词、th 音译、es 西语意译（首见处附拼音），待母语复核。","filled"
"tier2:ziwei:star:laiyingong","来因宫","láiyīngōng","紫微星曜","—","—","래인궁","lai nhân cung","ราศีเหตุ","palacio de la causa","汉字文化圈术语：ja/ko 保留汉字原词、vi 用汉越词、th 音译、es 西语意译（首见处附拼音），待母语复核。","filled"
"tier2:ziwei:star:guoweigong","果位宫","guǒwèigōng","紫微星曜","—","—","과위궁","quả vị cung","ราศีผล","palacio del resultado","汉字文化圈术语：ja/ko 保留汉字原词、vi 用汉越词、th 音译、es 西语意译（首见处附拼音），待母语复核。","filled"
"tier2:ziwei:star:tiyong","体用","tǐyòng","紫微星曜","—","—","체용","thể dụng","กายกับการใช้","sustancia y función","汉字文化圈术语：ja/ko 保留汉字原词、vi 用汉越词、th 音译、es 西语意译（首见处附拼音），待母语复核。","filled"
"tier2:ziwei:sihua:shengnianlu","生年禄","shēngniánlù","紫微四化","—","—","생년록","sinh niên lộc","ดาวลู่ปีเกิด","lu del año de nacimiento","汉字文化圈术语：ja/ko 保留汉字原词、vi 用汉越词、th 音译、es 西语意译（首见处附拼音），待母语复核。","filled"
"tier2:ziwei:sihua:shengnianquan","生年权","shēngniánquán","紫微四化","—","—","생년권","sinh niên quyền","ดาวเฉวียนปีเกิด","quan del año de nacimiento","汉字文化圈术语：ja/ko 保留汉字原词、vi 用汉越词、th 音译、es 西语意译（首见处附拼音），待母语复核。","filled"
"tier2:ziwei:sihua:shengnianke","生年科","shēngniánkē","紫微四化","—","—","생년과","sinh niên khoa","ดาวเค่อปีเกิด","ke del año de nacimiento","汉字文化圈术语：ja/ko 保留汉字原词、vi 用汉越词、th 音译、es 西语意译（首见处附拼音），待母语复核。","filled"
"tier2:ziwei:sihua:shengnianji","生年忌","shēngniánjì","紫微四化","—","—","생년기","sinh niên kỵ","ดาวจี้ปีเกิด","ji del año de nacimiento","汉字文化圈术语：ja/ko 保留汉字原词、vi 用汉越词、th 音译、es 西语意译（首见处附拼音），待母语复核。","filled"
"tier2:ziwei:sihua:mingzhulu","命主禄","mìngzhǔlù","紫微四化","—","—","명주록","mệnh chủ lộc","ดาวลู่เจ้าชะตา","lu del señor del destino","汉字文化圈术语：ja/ko 保留汉字原词、vi 用汉越词、th 音译、es 西语意译（首见处附拼音），待母语复核。","filled"
"tier2:ziwei:sihua:mingzhuquan","命主权","mìngzhǔquán","紫微四化","—","—","명주권","mệnh chủ quyền","ดาวเฉวียนเจ้าชะตา","quan del señor del destino","汉字文化圈术语：ja/ko 保留汉字原词、vi 用汉越词、th 音译、es 西语意译（首见处附拼音），待母语复核。","filled"
"tier2:ziwei:sihua:mingzhuke","命主科","mìngzhǔkē","紫微四化","—","—","명주과","mệnh chủ khoa","ดาวเค่อเจ้าชะตา","ke del señor del destino","汉字文化圈术语：ja/ko 保留汉字原词、vi 用汉越词、th 音译、es 西语意译（首见处附拼音），待母语复核。","filled"
"tier2:ziwei:sihua:mingzhuji","命主忌","mìngzhǔjì","紫微四化","—","—","명주기","mệnh chủ kỵ","ดาวจี้เจ้าชะตา","ji del señor del destino","汉字文化圈术语：ja/ko 保留汉字原词、vi 用汉越词、th 音译、es 西语意译（首见处附拼音），待母语复核。","filled"
"tier2:ziwei:sihua:daxianlu","大限禄","dàxiànlù","紫微四化","—","—","대한록","đại hạn lộc","ดาวลู่ต้าเสี่ยน","lu del gran límite","汉字文化圈术语：ja/ko 保留汉字原词、vi 用汉越词、th 音译、es 西语意译（首见处附拼音），待母语复核。","filled"
"tier2:ziwei:sihua:daxianquan","大限权","dàxiànquán","紫微四化","—","—","대한권","đại hạn quyền","ดาวเฉวียนต้าเสี่ยน","quan del gran límite","汉字文化圈术语：ja/ko 保留汉字原词、vi 用汉越词、th 音译、es 西语意译（首见处附拼音），待母语复核。","filled"
"tier2:ziwei:sihua:daxianke","大限科","dàxiànkē","紫微四化","—","—","대한과","đại hạn khoa","ดาวเค่อด้าเสี่ยน","ke del gran límite","汉字文化圈术语：ja/ko 保留汉字原词、vi 用汉越词、th 音译、es 西语意译（首见处附拼音），待母语复核。","filled"
"tier2:ziwei:sihua:daxianji","大限忌","dàxiànjì","紫微四化","—","—","대한기","đại hạn kỵ","ดาวจี้ต้าเสี่ยน","ji del gran límite","汉字文化圈术语：ja/ko 保留汉字原词、vi 用汉越词、th 音译、es 西语意译（首见处附拼音），待母语复核。","filled"
"tier2:ziwei:sihua:liunianlu","流年禄","liúniánlù","紫微四化","—","—","류년록","lưu niên lộc","ดาวลู่เหลียนเหนียน","lu del año corriente","汉字文化圈术语：ja/ko 保留汉字原词、vi 用汉越词、th 音译、es 西语意译（首见处附拼音），待母语复核。","filled"
"tier2:ziwei:sihua:liunianquan","流年权","liúniánquán","紫微四化","—","—","류년권","lưu niên quyền","ดาวเฉวียนเหลียนเหนียน","quan del año corriente","汉字文化圈术语：ja/ko 保留汉字原词、vi 用汉越词、th 音译、es 西语意译（首见处附拼音），待母语复核。","filled"
"tier2:ziwei:sihua:liunianke","流年科","liúniánkē","紫微四化","—","—","류년과","lưu niên khoa","ดาวเค่่อเหลียนเหนียน","ke del año corriente","汉字文化圈术语：ja/ko 保留汉字原词、vi 用汉越词、th 音译、es 西语意译（首见处附拼音），待母语复核。","filled"
"tier2:ziwei:sihua:liunianji","流年忌","liúniánjì","紫微四化","—","—","류년기","lưu niên kỵ","ดาวจี้เหลียนเหนียน","ji del año corriente","汉字文化圈术语：ja/ko 保留汉字原词、vi 用汉越词、th 音译、es 西语意译（首见处附拼音），待母语复核。","filled"
"tier2:ziwei:sihua:xiaoxianlu","小限禄","xiǎoxiànlù","紫微四化","—","—","소한록","tiểu hạn lộc","ดาวลู่เสี่ยวเสี่ยน","lu del pequeño límite","汉字文化圈术语：ja/ko 保留汉字原词、vi 用汉越词、th 音译、es 西语意译（首见处附拼音），待母语复核。","filled"
"tier2:ziwei:sihua:xiaoxianquan","小限权","xiǎoxiànquán","紫微四化","—","—","소한권","tiểu hạn quyền","ดาวเฉวียนเสี่ยวเสี่ยน","quan del pequeño límite","汉字文化圈术语：ja/ko 保留汉字原词、vi 用汉越词、th 音译、es 西语意译（首见处附拼音），待母语复核。","filled"
"tier2:ziwei:sihua:xiaoxianke","小限科","xiǎoxiànkē","紫微四化","—","—","소한과","tiểu hạn khoa","ดาวเค่่อเสี่ยวเสี่ยน","ke del pequeño límite","汉字文化圈术语：ja/ko 保留汉字原词、vi 用汉越词、th 音译、es 西语意译（首见处附拼音），待母语复核。","filled"
"tier2:ziwei:sihua:xiaoxianji","小限忌","xiǎoxiànjì","紫微四化","—","—","소한기","tiểu hạn kỵ","ดาวจี้เสี่ยวเสี่ยน","ji del pequeño límite","汉字文化圈术语：ja/ko 保留汉字原词、vi 用汉越词、th 音译、es 西语意译（首见处附拼音），待母语复核。","filled"
"tier2:ziwei:sihua:zihualu","自化禄","zìhuàlù","紫微四化","—","—","자화록","tự hóa lộc","ฮวาตัวเองเป็นลู่","transformación propia en lu","汉字文化圈术语：ja/ko 保留汉字原词、vi 用汉越词、th 音译、es 西语意译（首见处附拼音），待母语复核。","filled"
"tier2:ziwei:sihua:zihuaquan","自化权","zìhuàquán","紫微四化","—","—","자화권","tự hóa quyền","ฮวาตัวเองเป็นเฉวียน","transformación propia en quan","汉字文化圈术语：ja/ko 保留汉字原词、vi 用汉越词、th 音译、es 西语意译（首见处附拼音），待母语复核。","filled"
"tier2:ziwei:sihua:zihuake","自化科","zìhuàkē","紫微四化","—","—","자화과","tự hóa khoa","ฮวาตัวเองเป็นเค่อ","transformación propia en ke","汉字文化圈术语：ja/ko 保留汉字原词、vi 用汉越词、th 音译、es 西语意译（首见处附拼音），待母语复核。","filled"
"tier2:ziwei:sihua:zihuaji","自化忌","zìhuàjì","紫微四化","—","—","자화기","tự hóa kỵ","ฮวาตัวเองเป็นจี้","transformación propia en ji","汉字文化圈术语：ja/ko 保留汉字原词、vi 用汉越词、th 音译、es 西语意译（首见处附拼音），待母语复核。","filled"
"tier2:ziwei:sihua:feihualu","飞化禄","fēihuàlù","紫微四化","—","—","비화록","phi hóa lộc","ฮวาบินเป็นลู่","transformación voladora en lu","汉字文化圈术语：ja/ko 保留汉字原词、vi 用汉越词、th 音译、es 西语意译（首见处附拼音），待母语复核。","filled"
"tier2:ziwei:sihua:feihuaquan","飞化权","fēihuàquán","紫微四化","—","—","비화권","phi hóa quyền","ฮวาบินเป็นเฉวียน","transformación voladora en quan","汉字文化圈术语：ja/ko 保留汉字原词、vi 用汉越词、th 音译、es 西语意译（首见处附拼音），待母语复核。","filled"
"tier2:ziwei:sihua:feihuake","飞化科","fēihuàkē","紫微四化","—","—","비화과","phi hóa khoa","ฮวาบินเป็นเค่อ","transformación voladora en ke","汉字文化圈术语：ja/ko 保留汉字原词、vi 用汉越词、th 音译、es 西语意译（首见处附拼音），待母语复核。","filled"
"tier2:ziwei:sihua:feihuaji","飞化忌","fēihuàjì","紫微四化","—","—","비화기","phi hóa kỵ","ฮวาบินเป็นจี้","transformación voladora en ji","汉字文化圈术语：ja/ko 保留汉字原词、vi 用汉越词、th 音译、es 西语意译（首见处附拼音），待母语复核。","filled"
"tier2:ziwei:sihua:dielu","叠禄","diélù","紫微四化","—","—","첩록","điệp lộc","ลู่ซ้อน","lu superpuesto","汉字文化圈术语：ja/ko 保留汉字原词、vi 用汉越词、th 音译、es 西语意译（首见处附拼音），待母语复核。","filled"
"tier2:ziwei:sihua:diequan","叠权","diéquán","紫微四化","—","—","첩권","điệp quyền","เฉวียนซ้อน","quan superpuesto","汉字文化圈术语：ja/ko 保留汉字原词、vi 用汉越词、th 音译、es 西语意译（首见处附拼音），待母语复核。","filled"
"tier2:ziwei:sihua:dieke","叠科","diékē","紫微四化","—","—","첩과","điệp khoa","เค่อซ้อน","ke superpuesto","汉字文化圈术语：ja/ko 保留汉字原词、vi 用汉越词、th 音译、es 西语意译（首见处附拼音），待母语复核。","filled"
"tier2:ziwei:sihua:dieji","叠忌","diéjì","紫微四化","—","—","첩기","điệp kỵ","จี้ซ้อน","ji superpuesto","汉字文化圈术语：ja/ko 保留汉字原词、vi 用汉越词、th 音译、es 西语意译（首见处附拼音），待母语复核。","filled"
"tier2:ziwei:sihua:jichu","忌出","jìchū","紫微四化","—","—","기출","kỵ xuất","จี้ออก","ji saliente","汉字文化圈术语：ja/ko 保留汉字原词、vi 用汉越词、th 音译、es 西语意译（首见处附拼音），待母语复核。","filled"
"tier2:ziwei:sihua:jiru","忌入","jìrù","紫微四化","—","—","기입","kỵ nhập","จี้เข้า","ji entrante","汉字文化圈术语：ja/ko 保留汉字原词、vi 用汉越词、th 音译、es 西语意译（首见处附拼音），待母语复核。","filled"
"tier2:ziwei:sihua:luru","禄入","lùrù","紫微四化","—","—","록입","lộc nhập","ลู่เข้า","lu entrante","汉字文化圈术语：ja/ko 保留汉字原词、vi 用汉越词、th 音译、es 西语意译（首见处附拼音），待母语复核。","filled"
"tier2:ziwei:sihua:quanru","权入","quánrù","紫微四化","—","—","권입","quyền nhập","เฉวียนเข้า","quan entrante","汉字文化圈术语：ja/ko 保留汉字原词、vi 用汉越词、th 音译、es 西语意译（首见处附拼音），待母语复核。","filled"
"tier2:ziwei:sihua:keru","科入","kērù","紫微四化","—","—","과입","khoa nhập","เค่อเข้า","ke entrante","汉字文化圈术语：ja/ko 保留汉字原词、vi 用汉越词、th 音译、es 西语意译（首见处附拼音），待母语复核。","filled"
"tier2:ziwei:geju:fuxiangchaoyuange","府相朝垣格","fǔxiàngcháoyuángé","紫微格局","—","—","부상조원격","phủ tướng triều nguyên cách","รูปแบบฝู่เซี่ยงเข้าเฝ้า","patrón de fu xiang rindiendo homenaje a la muralla","汉字文化圈术语：ja/ko 保留汉字原词、vi 用汉越词、th 音译、es 西语意译（首见处附拼音），待母语复核。","filled"
"tier2:ziwei:geju:tanwutongxingge","贪武同行格","tānwǔtóngxínggé","紫微格局","—","—","탐무동행격","tham vũ đồng hành cách","รูปแบบถันอู่ร่วมทาง","patrón de tan y wu en compañía","汉字文化圈术语：ja/ko 保留汉字原词、vi 用汉越词、th 音译、es 西语意译（首见处附拼音），待母语复核。","filled"
"tier2:ziwei:geju:riyuebingmingge","日月并明格","riyuèbìngmínggé","紫微格局","—","—","일월병명격","nhật nguyệt tịnh minh cách","รูปแบบดวงอาทิตย์ดวงจันทร์สว่างพร้อม","patrón de sol y luna brillando juntos","汉字文化圈术语：ja/ko 保留汉字原词、vi 用汉越词、th 音译、es 西语意译（首见处附拼音），待母语复核。","filled"
"tier2:ziwei:geju:riyuefanbeige","日月反背格","riyuèfǎnbèigé","紫微格局","—","—","일월반배격","nhật nguyệt phản bội cách","รูปแบบดวงอาทิตย์ดวงจันทร์กลับทิศ","patrón de sol y luna en oposición","汉字文化圈术语：ja/ko 保留汉字原词、vi 用汉越词、th 音译、es 西语意译（首见处附拼音），待母语复核。","filled"
"tier2:ziwei:geju:minglifengkongge","命里逢空格","mìngliféngkōnggé","紫微格局","—","—","명리봉공격","mệnh lý phùng không cách","รูปแบบชะตาพบราศีว่าง","patrón de vacío en el destino","汉字文化圈术语：ja/ko 保留汉字原词、vi 用汉越词、th 音译、es 西语意译（首见处附拼音），待母语复核。","filled"
"tier2:ziwei:geju:xingjiaoyinge","刑囚夹印格","xíngjiáoyìngé","紫微格局","—","—","형수가인격","hình tù kẹp ấn cách","รูปแบบซิงโจวบีบอิ่น","patrón de xing y qiu en pinza del sello","汉字文化圈术语：ja/ko 保留汉字原词、vi 用汉越词、th 音译、es 西语意译（首见处附拼音），待母语复核。","filled"
"tier2:ziwei:geju:fanshuitaohuage","泛水桃花格","fànshuǐtáohuāgé","紫微格局","—","—","범수도화격","phạm thủy đào hoa cách","รูปแบบดอกท้อลอยน้ำ","patrón de flor de durazno sobre el agua","汉字文化圈术语：ja/ko 保留汉字原词、vi 用汉越词、th 音译、es 西语意译（首见处附拼音），待母语复核。","filled"
"tier2:ziwei:geju:fengliucaizhange","风流彩杖格","fēngliúcǎizhàngé","紫微格局","—","—","풍류채장격","phong lưu thái trượng cách","รูปแบบไม้เท้าสีลม","patrón de bastón de colores del viento","汉字文化圈术语：ja/ko 保留汉字原词、vi 用汉越词、th 音译、es 西语意译（首见处附拼音），待母语复核。","filled"
"tier2:ziwei:geju:juhuoqingyange","巨火擎羊格","jùhuǒqíngyángé","紫微格局","—","—","거화경양격","cự hỏa khinh dương cách","รูปแบบจู้หั่วชิงหยาง","patrón de ju huo qing yang","汉字文化圈术语：ja/ko 保留汉字原词、vi 用汉越词、th 音译、es 西语意译（首见处附拼音），待母语复核。","filled"
"tier2:ziwei:geju:zifuchaoyuange","紫府朝垣格","zǐfǔcháoyuángé","紫微格局","—","—","자부조원격","tử phủ triều nguyên cách","รูปแบบจื่อฝู่เข้าเฝ้า","patrón de zi fu rindiendo homenaje a la muralla","汉字文化圈术语：ja/ko 保留汉字原词、vi 用汉越词、th 音译、es 西语意译（首见处附拼音），待母语复核。","filled"
"tier2:ziwei:geju:wutantongxingge","武贪同行格","wǔtāntóngxínggé","紫微格局","—","—","무탐동행격","vũ tham đồng hành cách","รูปแบบอู่ถันร่วมทาง","patrón de wu y tan en compañía","汉字文化圈术语：ja/ko 保留汉字原词、vi 用汉越词、th 音译、es 西语意译（首见处附拼音），待母语复核。","filled"
"tier2:ziwei:geju:liantantonggongge","廉贪同宫格","liántāntónggōnggé","紫微格局","—","—","렴탐동궁격","liêm tham đồng cung cách","รูปแบบเหลียนถันร่วมราศี","patrón de lian y tan en el mismo palacio","汉字文化圈术语：ja/ko 保留汉字原词、vi 用汉越词、th 音译、es 西语意译（首见处附拼音），待母语复核。","filled"
"tier2:ziwei:geju:tonglianghuizhaoge","同梁会照格","tóngliánghuìzhàogé","紫微格局","—","—","동량회조격","đồng lương hội chiếu cách","รูปแบบถงเหลียงพบกัน","patrón de tong y liang en reunión e iluminación","汉字文化圈术语：ja/ko 保留汉字原词、vi 用汉越词、th 音译、es 西语意译（首见处附拼音），待母语复核。","filled"
"tier2:ziwei:geju:jijutonglinge","机巨同临格","jījùtónglíngé","紫微格局","—","—","기거동림격","cơ cự đồng lâm cách","รูปแบบจีจู้ร่วมที่","patrón de ji y ju en presencia conjunta","汉字文化圈术语：ja/ko 保留汉字原词、vi 用汉越词、th 音译、es 西语意译（首见处附拼音），待母语复核。","filled"
"tier2:ziwei:geju:taiyangjuge","太阳居午格","tàiyángjǔgé","紫微格局","—","—","태양거오격","thái dương cư ngọ cách","รูปแบบดวงอาทิตย์สถิตอู่","patrón de sol en wu","汉字文化圈术语：ja/ko 保留汉字原词、vi 用汉越词、th 音译、es 西语意译（首见处附拼音），待母语复核。","filled"
"tier2:ziwei:geju:taiyinjuzige","太阴居子格","tàiyīnjūzǐgé","紫微格局","—","—","태음거자격","thái âm cư tử cách","รูปแบบดวงจันทร์สถิตจื่อ","patrón de luna en zi","汉字文化圈术语：ja/ko 保留汉字原词、vi 用汉越词、th 音译、es 西语意译（首见处附拼音），待母语复核。","filled"
"tier2:ziwei:geju:zuoyoutonggongge","左右同宫格","zuǒyòutónggōnggé","紫微格局","—","—","좌우동궁격","trái hữu đồng cung cách","รูปแบบดาวซ้ายขวาร่วมราศี","patrón de izquierda y derecha en el mismo palacio","汉字文化圈术语：ja/ko 保留汉字原词、vi 用汉越词、th 音译、es 西语意译（首见处附拼音），待母语复核。","filled"
"tier2:ziwei:geju:changqutonggongge","昌曲同宫格","chāngqūtónggōnggé","紫微格局","—","—","창곡동궁격","sương khúc đồng cung cách","รูปแบบดาวฉางฉวี่ร่วมราศี","patrón de chang y qu en el mismo palacio","汉字文化圈术语：ja/ko 保留汉字原词、vi 用汉越词、th 音译、es 西语意译（首见处附拼音），待母语复核。","filled"
"tier2:ziwei:geju:kuiyuejiaminge","魁钺夹命格","kuíyuèjiāmìngé","紫微格局","—","—","규월가명격","khôi nguyệt kẹp mệnh cách","รูปแบบดาวกุ้ยเยว่บีบชะตา","patrón de kui y yue en pinza del destino","汉字文化圈术语：ja/ko 保留汉字原词、vi 用汉越词、th 音译、es 西语意译（首见处附拼音），待母语复核。","filled"
"tier2:ziwei:geju:lumajiaochige","禄马交驰格","lùmǎjiāochígé","紫微格局","—","—","록마교치격","lộc mã giao trì cách","รูปแบบดาวลู่หม่าควบคู่","patrón de lu y ma en carrera cruzada","汉字文化圈术语：ja/ko 保留汉字原词、vi 用汉越词、th 音译、es 西语意译（首见处附拼音），待母语复核。","filled"
"tier2:ziwei:star:huotange","火贪格","huǒtāngé","紫微格局","—","—","화탐격","hỏa tham cách","รูปแบบดาวหั่วถัน","patrón de huo tan","汉字文化圈术语：ja/ko 保留汉字原词、vi 用汉越词、th 音译、es 西语意译（首见处附拼音），待母语复核。","filled"
"tier2:ziwei:geju:lingtange","铃贪格","língtāngé","紫微格局","—","—","령탐격","linh tham cách","รูปแบบดาวหลิงถัน","patrón de ling tan","汉字文化圈术语：ja/ko 保留汉字原词、vi 用汉越词、th 音译、es 西语意译（首见处附拼音），待母语复核。","filled"
"tier2:ziwei:geju:matoudaijiange","马头带剑格","mǎtóudàijiàngé","紫微格局","—","—","마두대검격","mã đầu thái kiếm cách","รูปแบบหัวหม่าถือดาบ","patrón de cabeza de caballo con espada","汉字文化圈术语：ja/ko 保留汉字原词、vi 用汉越词、th 音译、es 西语意译（首见处附拼音），待母语复核。","filled"
"tier2:ziwei:geju:mingwuzhengyaoge","命无正曜格","mìngwúzhèngyàogé","紫微格局","—","—","명무정요격","mệnh vô chính diệu cách","รูปแบบชะตาไร้ดาวหลัก","patrón de destino sin estrellas principales","汉字文化圈术语：ja/ko 保留汉字原词、vi 用汉越词、th 音译、es 西语意译（首见处附拼音），待母语复核。","filled"
"tier2:ziwei:geju:shizhongyinyuge","石中隐玉格","shízhōngyǐnyùgé","紫微格局","—","—","석중은옥격","thạch trung ẩn ngọc cách","รูปแบบหยกซ่อนในหิน","patrón de jade oculto en la piedra","汉字文化圈术语：ja/ko 保留汉字原词、vi 用汉越词、th 音译、es 西语意译（首见处附拼音），待母语复核。","filled"
"tier2:ziwei:geju:jixiangliminge","极向离明格","jíxiànglímíngé","紫微格局","—","—","극향리명격","cực hướng ly minh cách","รูปแบบจี้เซี่ยงลี่หมิง","patrón de polo hacia el claro","汉字文化圈术语：ja/ko 保留汉字原词、vi 用汉越词、th 音译、es 西语意译（首见处附拼音），待母语复核。","filled"
"tier2:ziwei:geju:rizhaoleimenge","日照雷门格","rìzhàoléiméngé","紫微格局","—","—","일조뢰문격","nhật chiếu lôi môn cách","รูปแบบดวงอาทิตย์ส่องประตูฟ้าร้อง","patrón de sol iluminando la puerta del trueno","汉字文化圈术语：ja/ko 保留汉字原词、vi 用汉越词、th 音译、es 西语意译（首见处附拼音），待母语复核。","filled"
"tier2:ziwei:geju:yueshengcanghaige","月生沧海格","yuèshēngcānghǎigé","紫微格局","—","—","월생창해격","nguyệt sinh thanh hải cách","รูปแบบดวงจันทร์เกิดในมหาสมุทร","patrón de luna sobre el mar profundo","汉字文化圈术语：ja/ko 保留汉字原词、vi 用汉越词、th 音译、es 西语意译（首见处附拼音），待母语复核。","filled"
"tier2:ziwei:geju:shapolange","杀破狼格","shāpòlángé","紫微格局","—","—","살파랑격","sát phá lang cách","รูปแบบซาปั่วหลาง","patrón de sha po lang","汉字文化圈术语：ja/ko 保留汉字原词、vi 用汉越词、th 音译、es 西语意译（首见处附拼音），待母语复核。","filled"
"tier2:ziwei:geju:jiyuetongliange","机月同梁格","jīyuètóngliángé","紫微格局","—","—","기월동량격","cơ nguyệt đồng lương cách","รูปแบบจีเยว่ถงเหลียง","patrón de ji yue tong liang","汉字文化圈术语：ja/ko 保留汉字原词、vi 用汉越词、th 音译、es 西语意译（首见处附拼音），待母语复核。","filled"
"tier2:ziwei:geju:zifutonggongge","紫府同宫格","zǐfǔtónggōnggé","紫微格局","—","—","자부동궁격","tử phủ đồng cung cách","รูปแบบจื่อฝู่ร่วมราศี","patrón de zi y fu en el mismo palacio","汉字文化圈术语：ja/ko 保留汉字原词、vi 用汉越词、th 音译、es 西语意译（首见处附拼音），待母语复核。","filled"
"tier2:ziwei:geju:juritonggongge","巨日同宫格","jùrìtónggōnggé","紫微格局","—","—","거일동궁격","cự nhật đồng cung cách","รูปแบบจู้รื่อร่วมราศี","patrón de ju y ri en el mismo palacio","汉字文化圈术语：ja/ko 保留汉字原词、vi 用汉越词、th 音译、es 西语意译（首见处附拼音），待母语复核。","filled"
"tier2:ziwei:geju:junchenqinghuige","君臣庆会格","jūnchénqìnghuìgé","紫微格局","—","—","군신경회격","quân thần khánh hội cách","รูปแบบขุนนางเฉลิมฉลอง","patrón de reunión festiva de soberano y ministros","汉字文化圈术语：ja/ko 保留汉字原词、vi 用汉越词、th 音译、es 西语意译（首见处附拼音），待母语复核。","filled"
"tier2:ziwei:geju:matoudaijiange_2","马头带箭格","mǎtóudàijiàngé","紫微格局","—","—","마두대전격","mã đầu thái tiễn cách","รูปแบบหัวหม่าถือลูกศร","patrón de cabeza de caballo con flecha","汉字文化圈术语：ja/ko 保留汉字原词、vi 用汉越词、th 音译、es 西语意译（首见处附拼音），待母语复核。","filled"
"tier2:bazi:geju:conge","从格","cóngé","八字格局","—","—","종격","tòng cách","รูปแบบตาม","patrón de subordinación","汉字文化圈术语：ja/ko 保留汉字原词、vi 用汉越词、th 音译、es 西语意译（首见处附拼音），待母语复核。","filled"
"tier2:bazi:geju:congwang","从旺","cóngwàng","八字格局","—","—","종왕","tòng vượng","รูปแบบตามความรุ่งเรือง","subordinación a la prosperidad","汉字文化圈术语：ja/ko 保留汉字原词、vi 用汉越词、th 音译、es 西语意译（首见处附拼音），待母语复核。","filled"
"tier2:bazi:geju:congqiang","从强","cóngqiáng","八字格局","—","—","종강","tòng cường","รูปแบบตามความแข็งแรง","subordinación a la fuerza","汉字文化圈术语：ja/ko 保留汉字原词、vi 用汉越词、th 音译、es 西语意译（首见处附拼音），待母语复核。","filled"
"tier2:bazi:geju:congruo","从弱","cóngruò","八字格局","—","—","종약","tòng nhược","รูปแบบตามความอ่อนแอ","subordinación a la debilidad","汉字文化圈术语：ja/ko 保留汉字原词、vi 用汉越词、th 音译、es 西语意译（首见处附拼音），待母语复核。","filled"
"tier2:bazi:geju:huage","化格","huàgé","八字格局","—","—","화격","hóa cách","รูปแบบฮวา","patrón de transformación","汉字文化圈术语：ja/ko 保留汉字原词、vi 用汉越词、th 音译、es 西语意译（首见处附拼音），待母语复核。","filled"
"tier2:bazi:geju:huaqige","化气格","huàqìgé","八字格局","—","—","화기격","hóa khí cách","รูปแบบฮวาฉี","patrón de transformación en qi","汉字文化圈术语：ja/ko 保留汉字原词、vi 用汉越词、th 音译、es 西语意译（首见处附拼音），待母语复核。","filled"
"tier2:bazi:geju:quzhige","曲直格","qūzhígé","八字格局","—","—","곡직격","khúc trực cách","รูปแบบฉว่จือ","patrón de rectitud","汉字文化圈术语：ja/ko 保留汉字原词、vi 用汉越词、th 音译、es 西语意译（首见处附拼音），待母语复核。","filled"
"tier2:bazi:geju:yanshangge","炎上格","yánshànggé","八字格局","—","—","염상격","diêm thượng cách","รูปแบบเหยียนเซี่ยง","patrón de fuego ascendente","汉字文化圈术语：ja/ko 保留汉字原词、vi 用汉越词、th 音译、es 西语意译（首见处附拼音），待母语复核。","filled"
"tier2:bazi:geju:jiasege","稼穑格","jiàsègé","八字格局","—","—","가삭격","giá sắc cách","รูปแบบเจียเซ่อ","patrón de cosecha","汉字文化圈术语：ja/ko 保留汉字原词、vi 用汉越词、th 音译、es 西语意译（首见处附拼音），待母语复核。","filled"
"tier2:bazi:geju:conggege","从革格","cónggégé","八字格局","—","—","종격","tòng cách cách","รูปแบบจวงเก๋อ","patrón de cambio","汉字文化圈术语：ja/ko 保留汉字原词、vi 用汉越词、th 音译、es 西语意译（首见处附拼音），待母语复核。","filled"
"tier2:bazi:geju:runxiage","润下格","rùnxiàgé","八字格局","—","—","윤하격","nhuận hạ cách","รูปแบบรุ่ยเซี่ย","patrón de humedad descendente","汉字文化圈术语：ja/ko 保留汉字原词、vi 用汉越词、th 音译、es 西语意译（首见处附拼音），待母语复核。","filled"
"tier2:bazi:geju:liangshenchengxiang","两神成象","liǎngshénchéngxiàng","八字格局","—","—","양신성상","lưỡng thần thành tượng","สองเทพสร้างรูป","dos dioses formando imagen","汉字文化圈术语：ja/ko 保留汉字原词、vi 用汉越词、th 音译、es 西语意译（首见处附拼音），待母语复核。","filled"
"tier2:bazi:geju:liangganbuza","两干不杂","liǎnggànbùzá","八字格局","—","—","양간불잡","lưỡng can bất tạp","สองก้านไม่ปน","dos troncos sin mezcla","汉字文化圈术语：ja/ko 保留汉字原词、vi 用汉越词、th 音译、es 西语意译（首见处附拼音），待母语复核。","filled"
"tier2:bazi:geju:tianyuanzuolu","天元坐禄","tiānyuánzuòlù","八字格局","—","—","천원좌록","thiên nguyên tọa lộc","เทียนหยวนสถิตลู่","tronco celestial en lu","汉字文化圈术语：ja/ko 保留汉字原词、vi 用汉越词、th 音译、es 西语意译（首见处附拼音），待母语复核。","filled"
"tier2:bazi:geju:feitianluma","飞天禄马","fēitiānlùmǎ","八字格局","—","—","비천록마","phi thiên lộc mã","เทียนเทียนลู่หม่า","lu y ma voladores","汉字文化圈术语：ja/ko 保留汉字原词、vi 用汉越词、th 音译、es 西语意译（首见处附拼音），待母语复核。","filled"
"tier2:bazi:geju:renqilongbei","壬骑龙背","rénqílóngbèi","八字格局","—","—","임기룡배","nhâm kỵ long bối","เหรินขี่หลังมังกร","ren montando la espalda del dragón","汉字文化圈术语：ja/ko 保留汉字原词、vi 用汉越词、th 音译、es 西语意译（首见处附拼音），待母语复核。","filled"
"tier2:bazi:geju:liuyinchaoyang","六阴朝阳","liùyīncháoyáng","八字格局","—","—","육음조양","lục âm triều dương","หกอินสู่ดวงอาทิตย์","seis yin hacia el sol","汉字文化圈术语：ja/ko 保留汉字原词、vi 用汉越词、th 音译、es 西语意译（首见处附拼音），待母语复核。","filled"
"tier2:bazi:geju:jinglanchage","井栏叉格","jǐnglánchāgé","八字格局","—","—","정란차격","tinh lan xá cách","รูปแบบหลัวหลางฉ่า","patrón de horca en el pozo","汉字文化圈术语：ja/ko 保留汉字原词、vi 用汉越词、th 音译、es 西语意译（首见处附拼音），待母语复核。","filled"
"tier2:bazi:geju:jinshenge","金神格","jīnshéngé","八字格局","—","—","금신격","kim thần cách","รูปแบบจินเชิน","patrón del dios del metal","汉字文化圈术语：ja/ko 保留汉字原词、vi 用汉越词、th 音译、es 西语意译（首见处附拼音），待母语复核。","filled"
"tier2:bazi:geju:shishangpiancai","时上偏财","shíshàngpiāncái","八字格局","—","—","시상편재","thị thượng thiên tài","ฉีเซี่ยงเพียนไฉ่","riqueza parcial en la hora","汉字文化圈术语：ja/ko 保留汉字原词、vi 用汉越词、th 音译、es 西语意译（首见处附拼音），待母语复核。","filled"
"tier2:bazi:geju:shishangyiweigui","时上一位贵","shíshàngyīwèiguì","八字格局","—","—","시상일위귀","thị thượng nhất vị quý","ฉีเซี่ยงอี๋อวี้กุ้ย","nobleza en una posición de la hora","汉字文化圈术语：ja/ko 保留汉字原词、vi 用汉越词、th 音译、es 西语意译（首见处附拼音），待母语复核。","filled"
"tier2:bazi:geju:jianluge","建禄格","jiànlùgé","八字格局","—","—","건록격","kiến lộc cách","รูปแบบเจี้ยนลู่","patrón de establecimiento de lu","汉字文化圈术语：ja/ko 保留汉字原词、vi 用汉越词、th 音译、es 西语意译（首见处附拼音），待母语复核。","filled"
"tier2:bazi:geju:yuerenge","月刃格","yuèrèngé","八字格局","—","—","월인격","nguyệt nhẫn cách","รูปแบบเยว่เร็น","patrón de filo lunar","汉字文化圈术语：ja/ko 保留汉字原词、vi 用汉越词、th 音译、es 西语意译（首见处附拼音），待母语复核。","filled"
"tier2:bazi:geju:zaqicaiguan","杂气财官","záqìcáiguān","八字格局","—","—","잡기재관","tạp khí tài quan","จ๋าฉีไฉ่กวน","riqueza y funcionario de qi mixto","汉字文化圈术语：ja/ko 保留汉字原词、vi 用汉越词、th 音译、es 西语意译（首见处附拼音），待母语复核。","filled"
"tier2:bazi:geju:muku","墓库","mùkù","八字格局","—","—","묘고","mộ khố","มู่คู้","tumba y almacén","汉字文化圈术语：ja/ko 保留汉字原词、vi 用汉越词、th 音译、es 西语意译（首见处附拼音），待母语复核。","filled"
"tier2:bazi:geju:tianyuan","天元","tiānyuán","八字格局","—","—","천원","thiên nguyên","เทียนหยวน","tronco celestial","汉字文化圈术语：ja/ko 保留汉字原词、vi 用汉越词、th 音译、es 西语意译（首见处附拼音），待母语复核。","filled"
"tier2:bazi:geju:diyuan","地元","dìyuán","八字格局","—","—","지원","địa nguyên","ตี้หยวน","tronco terrenal","汉字文化圈术语：ja/ko 保留汉字原词、vi 用汉越词、th 音译、es 西语意译（首见处附拼音），待母语复核。","filled"
"tier2:bazi:geju:renyuan","人元","rényuán","八字格局","—","—","인원","nhân nguyên","เหรินหยวน","tronco humano","汉字文化圈术语：ja/ko 保留汉字原词、vi 用汉越词、th 音译、es 西语意译（首见处附拼音），待母语复核。","filled"
"tier2:bazi:geju:canggan","藏干","cánggān","八字格局","—","—","장간","tàng can","จางกาน","tronco oculto","汉字文化圈术语：ja/ko 保留汉字原词、vi 用汉越词、th 音译、es 西语意译（首见处附拼音），待母语复核。","filled"
"tier2:bazi:geju:renyuansiling","人元司令","rényuánsìlìng","八字格局","—","—","인원사령","nhân nguyên tư lệnh","เหรินหยวนซื่อหลิง","comando del tronco humano","汉字文化圈术语：ja/ko 保留汉字原词、vi 用汉越词、th 音译、es 西语意译（首见处附拼音），待母语复核。","filled"
"tier2:bazi:geju:deling","得令","délìng","八字格局","—","—","득령","đắc lệnh","เต๋อหลิง","en temporada","汉字文化圈术语：ja/ko 保留汉字原词、vi 用汉越词、th 音译、es 西语意译（首见处附拼音），待母语复核。","filled"
"tier2:bazi:geju:shiling","失令","shīlìng","八字格局","—","—","실령","thất lệnh","ชีหลิง","fuera de temporada","汉字文化圈术语：ja/ko 保留汉字原词、vi 用汉越词、th 音译、es 西语意译（首见处附拼音），待母语复核。","filled"
"tier2:ziwei:star:dedi","得地","dédì","八字格局","—","—","득지","đắc địa","เต๋อตี้","en posición","汉字文化圈术语：ja/ko 保留汉字原词、vi 用汉越词、th 音译、es 西语意译（首见处附拼音），待母语复核。","filled"
"tier2:bazi:geju:shidi","失地","shīdì","八字格局","—","—","실지","thất địa","ชีตี้","fuera de posición","汉字文化圈术语：ja/ko 保留汉字原词、vi 用汉越词、th 音译、es 西语意译（首见处附拼音），待母语复核。","filled"
"tier2:bazi:geju:deshi","得势","déshì","八字格局","—","—","득세","đắc thế","เต๋อฉือ","en fuerza","汉字文化圈术语：ja/ko 保留汉字原词、vi 用汉越词、th 音译、es 西语意译（首见处附拼音），待母语复核。","filled"
"tier2:bazi:geju:shishi","失势","shīshì","八字格局","—","—","실세","thất thế","ชีฉือ","fuera de fuerza","汉字文化圈术语：ja/ko 保留汉字原词、vi 用汉越词、th 音译、es 西语意译（首见处附拼音），待母语复核。","filled"
"tier2:bazi:geju:shenqiang","身强","shēnqiáng","八字格局","—","—","신강","thân cường","เซินเฉียง","cuerpo fuerte","汉字文化圈术语：ja/ko 保留汉字原词、vi 用汉越词、th 音译、es 西语意译（首见处附拼音），待母语复核。","filled"
"tier2:bazi:geju:shenruo","身弱","shēnruò","八字格局","—","—","신약","thân nhược","เซินรู่่อ","cuerpo débil","汉字文化圈术语：ja/ko 保留汉字原词、vi 用汉越词、th 音译、es 西语意译（首见处附拼音），待母语复核。","filled"
"tier2:bazi:geju:zhonghe","中和","zhōnghé","八字格局","—","—","중화","trung hòa","จงเหอ","neutralidad","汉字文化圈术语：ja/ko 保留汉字原词、vi 用汉越词、th 音译、es 西语意译（首见处附拼音），待母语复核。","filled"
"tier2:bazi:geju:pianwang","偏旺","piānwàng","八字格局","—","—","편왕","thiên vượng","เพียนวัง","exceso parcial","汉字文化圈术语：ja/ko 保留汉字原词、vi 用汉越词、th 音译、es 西语意译（首见处附拼音），待母语复核。","filled"
"tier2:bazi:geju:pianruo","偏弱","piānruò","八字格局","—","ひくえき","약한 기운","yếu","อ่อนแอ","débil","汉字文化圈术语：ja/ko 保留汉字原词、vi 用汉越词、th 音译、es 西语意译（首见处附拼音），待母语复核。","filled"
"tier2:common:term:yongshen","用神","yòngshén","八字格局","—","ようしん","용신","dụng thần","เทพเจ้าแห่งการใช้","dios útil","汉字文化圈术语：ja/ko 保留汉字原词、vi 用汉越词、th 音译、es 西语意译（首见处附拼音），待母语复核。","filled"
"tier2:ziwei:star:xishen","喜神","xǐshén","八字格局","—","きしん","희신","hỷ thần","เทพเจ้าแห่งความสุข","dios favorable","汉字文化圈术语：ja/ko 保留汉字原词、vi 用汉越词、th 音译、es 西语意译（首见处附拼音），待母语复核。","filled"
"tier2:bazi:geju:jishen","忌神","jìshén","八字格局","—","きしん","기신","kỵ thần","เทพเจ้าแห่งการห้าม","dios desfavorable","汉字文化圈术语：ja/ko 保留汉字原词、vi 用汉越词、th 音译、es 西语意译（首见处附拼音），待母语复核。","filled"
"tier2:bazi:geju:choushen","仇神","chóushén","八字格局","—","きゅうしん","추신","cừu thần","เทพเจ้าแห่งศัตรู","dios enemigo","汉字文化圈术语：ja/ko 保留汉字原词、vi 用汉越词、th 音译、es 西语意译（首见处附拼音），待母语复核。","filled"
"tier2:bazi:geju:xianshen","闲神","xiánshén","八字格局","—","けんしん","한신","hàn thần","เทพเจ้าแห่งความว่าง","dios inactivo","汉字文化圈术语：ja/ko 保留汉字原词、vi 用汉越词、th 音译、es 西语意译（首见处附拼音），待母语复核。","filled"
"tier2:common:term:tongguan","通关","tōngguān","八字格局","—","つうかん","통관","thông quan","การผ่านด่าน","mediación","汉字文化圈术语：ja/ko 保留汉字原词、vi 用汉越词、th 音译、es 西语意译（首见处附拼音），待母语复核。","filled"
"tier2:bazi:geju:fuyi","扶抑","fúyì","八字格局","—","ふよく","부억","phù ức","การพยุงและกด","apoyo y supresión","汉字文化圈术语：ja/ko 保留汉字原词、vi 用汉越词、th 音译、es 西语意译（首见处附拼音），待母语复核。","filled"
"tier2:common:term:tiaohou","调候","tiáohòu","八字格局","—","ちょうこう","조후","điều hậu","การปรับสภาพอากาศ","regulación climática","汉字文化圈术语：ja/ko 保留汉字原词、vi 用汉越词、th 音译、es 西语意译（首见处附拼音），待母语复核。","filled"
"tier2:bazi:geju:bingyao","病药","bìngyào","八字格局","—","びゃくやく","병약","bệnh dược","โรคและยา","enfermedad y medicina","汉字文化圈术语：ja/ko 保留汉字原词、vi 用汉越词、th 音译、es 西语意译（首见处附拼音），待母语复核。","filled"
"tier2:bazi:geju:yuanliu","源流","yuánliú","八字格局","—","げんりゅう","원류","nguyên lưu","ต้นน้ำปลายน้ำ","origen y flujo","汉字文化圈术语：ja/ko 保留汉字原词、vi 用汉越词、th 音译、es 西语意译（首见处附拼音），待母语复核。","filled"
"tier2:bazi:geju:quge","取格","qǔgé","八字格局","—","とりかく","격 취하기","thủ cách","การตั้งรูปแบบ","establecer estructura","汉字文化圈术语：ja/ko 保留汉字原词、vi 用汉越词、th 音译、es 西语意译（首见处附拼音），待母语复核。","filled"
"tier2:bazi:geju:biange","变格","biàngé","八字格局","—","へんかく","변격","biến cách","การเปลี่ยนรูปแบบ","estructura variable","汉字文化圈术语：ja/ko 保留汉字原词、vi 用汉越词、th 音译、es 西语意译（首见处附拼音），待母语复核。","filled"
"tier2:bazi:geju:waige","外格","wàigé","八字格局","—","がいかく","외격","ngoại cách","รูปแบบภายนอก","estructura externa","汉字文化圈术语：ja/ko 保留汉字原词、vi 用汉越词、th 音译、es 西语意译（首见处附拼音），待母语复核。","filled"
"tier2:bazi:geju:neige","内格","nèigé","八字格局","—","ないかく","내격","nội cách","รูปแบบภายใน","estructura interna","汉字文化圈术语：ja/ko 保留汉字原词、vi 用汉越词、th 音译、es 西语意译（首见处附拼音），待母语复核。","filled"
"tier2:bazi:geju:chenge","成格","chéngé","八字格局","—","せいかく","성격","thành cách","การสำเร็จรูปแบบ","estructura formada","汉字文化圈术语：ja/ko 保留汉字原词、vi 用汉越词、th 音译、es 西语意译（首见处附拼音），待母语复核。","filled"
"tier2:bazi:geju:poge","破格","pògé","八字格局","—","はかく","파격","phá cách","การทำลายรูปแบบ","estructura rota","汉字文化圈术语：ja/ko 保留汉字原词、vi 用汉越词、th 音译、es 西语意译（首见处附拼音），待母语复核。","filled"
"tier2:bazi:shensha:tianyi","天医","tiānyī","神煞","—","てんい","천의","thiên y","แพทย์สวรรค์","médico celestial","汉字文化圈术语：ja/ko 保留汉字原词、vi 用汉越词、th 音译、es 西语意译（首见处附拼音），待母语复核。","filled"
"tier2:bazi:shensha:fuxingguiren","福星贵人","fúxīngguìrén","神煞","—","ふくせいきじん","복성귀인","phúc tinh quý nhân","ขุนนางแห่งดาวเคราะห์แห่งความสุข","noble de la estrella de la fortuna","汉字文化圈术语：ja/ko 保留汉字原词、vi 用汉越词、th 音译、es 西语意译（首见处附拼音），待母语复核。","filled"
"bazi:shensha:wenchangguiren","文昌贵人","wénchāngguìrén","神煞","Literary Nobleman","文昌貴人","문창귀인","Văn Xương Quý Nhân","เหวินชางกุยเหริน","Noble Literario","Sino-xenic 定读(ja/ko/vi)+pinyin 通行(en/es)+th 音译或意译；待母语复核","filled"
"tier2:bazi:shensha:yutangguiren","玉堂贵人","yùtángguìrén","神煞","—","ぎょどうきじん","옥당귀인","ngọc đường quý nhân","ขุนนางแห่งศาลหยก","noble del pabellón de jade","汉字文化圈术语：ja/ko 保留汉字原词、vi 用汉越词、th 音译、es 西语意译（首见处附拼音），待母语复核。","filled"
"tier2:bazi:shensha:jinyu","金舆","jīnyú","神煞","—","きんよ","금여","kim dư","รถม้าทองคำ","carro de oro","汉字文化圈术语：ja/ko 保留汉字原词、vi 用汉越词、th 音译、es 西语意译（首见处附拼音），待母语复核。","filled"
"tier2:bazi:shensha:guoyunguiren","国印贵人","guóyùnguìrén","神煞","—","こくいんきじん","국인귀인","quốc ấn quý nhân","ขุนนางแห่งตราประทับแห่งชาติ","noble del sello nacional","汉字文化圈术语：ja/ko 保留汉字原词、vi 用汉越词、th 音译、es 西语意译（首见处附拼音），待母语复核。","filled"
"tier2:bazi:shensha:tianchuguiren","天厨贵人","tiānchúguìrén","神煞","—","てんじゅきじん","천주귀인","thiên trù quý nhân","ขุนนางแห่งครัวสวรรค์","noble de la cocina celestial","汉字文化圈术语：ja/ko 保留汉字原词、vi 用汉越词、th 音译、es 西语意译（首见处附拼音），待母语复核。","filled"
"tier2:bazi:shensha:sifei","四废","sìfèi","神煞","—","しはい","사폐","tứ phế","สี่ความไร้ประโยชน์","cuatro desperdicios","汉字文化圈术语：ja/ko 保留汉字原词、vi 用汉越词、th 音译、es 西语意译（首见处附拼音），待母语复核。","filled"
"tier2:bazi:shensha:wumu","五墓","wǔmù","神煞","—","ごぼ","오묘","ngũ mộ","ห้าสุสาน","cinco tumbas","汉字文化圈术语：ja/ko 保留汉字原词、vi 用汉越词、th 音译、es 西语意译（首见处附拼音），待母语复核。","filled"
"tier2:bazi:shensha:shi_ebabai","十恶大败","shi ebabai","神煞","—","じつくだはい","십악대패","thập ác đại bại","สิบความชั่วร้ายแห่งความพ่ายแพ้ครั้งใหญ่","diez grandes fracasos","汉字文化圈术语：ja/ko 保留汉字原词、vi 用汉越词、th 音译、es 西语意译（首见处附拼音），待母语复核。","filled"
"tier2:bazi:shensha:yinyangcuo","阴阳差错","yīnyángcuò","神煞","—","いんようさくさく","음양차오","âm dương sai sót","ความผิดพลาดแห่งหยินหยาง","error yin-yang","汉字文化圈术语：ja/ko 保留汉字原词、vi 用汉越词、th 音译、es 西语意译（首见处附拼音），待母语复核。","filled"
"tier2:bazi:shensha:silisijue","四离四绝","sìlísìjué","神煞","—","しりしぜつ","사이사절","tứ ly tứ tuyệt","สี่การแยกและสี่การตัดขาด","cuatro separaciones y cuatro absolutos","汉字文化圈术语：ja/ko 保留汉字原词、vi 用汉越词、th 音译、es 西语意译（首见处附拼音），待母语复核。","filled"
"tier2:bazi:shensha:dasha","大煞","dàshà","神煞","—","だいさつ","대사","đại sát","อสูรกายใหญ่","gran mal","汉字文化圈术语：ja/ko 保留汉字原词、vi 用汉越词、th 音译、es 西语意译（首见处附拼音），待母语复核。","filled"
"tier2:bazi:wuxing:xiuqiu","休囚","xiūqiú","五行","—","きゅうし","휴구","hưu tù","การพักผ่อนและการถูกกักขัง","descanso y prisión","五行：汉字文化圈（ja/ko/vi）沿用汉字「木火土金水」原词；th/es 用本民族文化对应概念译出，首见处加括号标注汉字原词。","filled"
"tier2:bazi:wuxing:wangxiang","旺相","wàngxiàng","五行","—","おうそう","왕상","vượng tướng","ความเจริญรุ่งเรืองและความสนับสนุน","prosperidad y apoyo","五行：汉字文化圈（ja/ko/vi）沿用汉字「木火土金水」原词；th/es 用本民族文化对应概念译出，首见处加括号标注汉字原词。","filled"
"tier2:bazi:wuxing:sijue","死绝","sǐjué","五行","—","しぜつ","사절","tử tuyệt","ความตายและการสูญสิ้น","muerte y extinción","五行：汉字文化圈（ja/ko/vi）沿用汉字「木火土金水」原词；th/es 用本民族文化对应概念译出，首见处加括号标注汉字原词。","filled"
"tier2:bazi:shensha:jielukongwang","截路空亡","jiélùkōngwáng","神煞","—","せっろくうぼう","절로공망","tiết lộ không vong","ความว่างเปล่าแห่งการตัดถนน","vacío que corta el camino","汉字文化圈术语：ja/ko 保留汉字原词、vi 用汉越词、th 音译、es 西语意译（首见处附拼音），待母语复核。","filled"
"bazi:shensha:kongwang","空亡","kōngwáng","神煞","Void","空亡","공망","Không Vong","คงหวาง","Vacío","Sino-xenic 定读(ja/ko/vi)+pinyin 通行(en/es)+th 音译或意译；待母语复核","filled"
"tier2:ziwei:star:xunkong","旬空","xúnkōng","神煞","—","じゅんくう","순공","tuần không","ความว่างเปล่าแห่งสิบวัน","vacío de la década","汉字文化圈术语：ja/ko 保留汉字原词、vi 用汉越词、th 音译、es 西语意译（首见处附拼音），待母语复核。","filled"
"tier2:bazi:shensha:guxu","孤虚","gūxū","神煞","—","こきょ","고허","cô hư","ความโดดเดี่ยวและความว่างเปล่า","soledad y vacío","汉字文化圈术语：ja/ko 保留汉字原词、vi 用汉越词、th 音译、es 西语意译（首见处附拼音），待母语复核。","filled"
"tier2:bazi:wuxing:nayiwuxing","纳音五行","nàyīwǔxíng","五行","—","なつおんごぎょう","나음오행","nạp âm ngũ hành","ห้าธาตุแห่งเสียงที่รับ","cinco elementos del sonido absorbido","五行：汉字文化圈（ja/ko/vi）沿用汉字「木火土金水」原词；th/es 用本民族文化对应概念译出，首见处加括号标注汉字原词。","filled"
"tier2:bazi:wuxing:zhengwuxing","正五行","zhèngwǔxíng","五行","—","せいごぎょう","정오행","chính ngũ hành","ห้าธาตุหลัก","cinco elementos principales","五行：汉字文化圈（ja/ko/vi）沿用汉字「木火土金水」原词；th/es 用本民族文化对应概念译出，首见处加括号标注汉字原词。","filled"
"tier2:bazi:wuxing:huaqiwuxing","化气五行","huàqìwǔxíng","五行","—","かきごぎょう","화기오행","hóa khí ngũ hành","ห้าธาตุแห่งการแปลงสภาพ","cinco elementos de la transformación","五行：汉字文化圈（ja/ko/vi）沿用汉字「木火土金水」原词；th/es 用本民族文化对应概念译出，首见处加括号标注汉字原词。","filled"
"tier2:bazi:jiazi:ganzhitongqi","干支同气","gànzhītóngqì","干支组合","—","かんしどうき","간지동기","can chi đồng khí","พลังงานเดียวกันของกานและจือ","alma y rama de la misma energía","汉字文化圈术语：ja/ko 保留汉字原词、vi 用汉越词、th 音译、es 西语意译（首见处附拼音），待母语复核。","filled"
"tier2:bazi:jiazi:gaitou","盖头","gàitóu","干支组合","—","がいとう","개두","cái đầu","การปกคลุมศีรษะ","cabeza cubierta","汉字文化圈术语：ja/ko 保留汉字原词、vi 用汉越词、th 音译、es 西语意译（首见处附拼音），待母语复核。","filled"
"tier2:bazi:jiazi:jiejiao","截脚","jiéjiǎo","干支组合","—","せっきゃく","절각","tiết cước","การตัดเท้า","pie cortado","汉字文化圈术语：ja/ko 保留汉字原词、vi 用汉越词、th 音译、es 西语意译（首见处附拼音），待母语复核。","filled"
"tier2:bazi:branch_rel:tiankedichong","天克地冲","tiānkèdìchōng","地支关系","—","てんこくちしょう","천극지충","thiên khắc địa xung","สวรรค์กดขี่และพื้นดินชน","cielo que vence y tierra que choca","汉字文化圈术语：ja/ko 保留汉字原词、vi 用汉越词、th 音译、es 西语意译（首见处附拼音），待母语复核。","filled"
"tier2:bazi:branch_rel:tianshengdichong","天生地冲","tiānshēngdìchōng","地支关系","—","てんせいちしょう","천생지충","thiên sinh địa xung","สวรรค์สร้างและพื้นดินชน","cielo que nace y tierra que choca","汉字文化圈术语：ja/ko 保留汉字原词、vi 用汉越词、th 音译、es 西语意译（首见处附拼音），待母语复核。","filled"
"tier2:bazi:branch_rel:tiankedihe","天克地合","tiānkèdìhé","地支关系","—","てんこくちごう","천극지합","thiên khắc địa hợp","สวรรค์กดขี่และพื้นดินรวม","cielo que vence y tierra que combina","汉字文化圈术语：ja/ko 保留汉字原词、vi 用汉越词、th 音译、es 西语意译（首见处附拼音），待母语复核。","filled"
"tier2:bazi:branch_rel:fuyin","伏吟","fúyín","地支关系","—","ふくぎん","복음","phục ngâm","การครวญครางซ่อนเร้น","gemido oculto","汉字文化圈术语：ja/ko 保留汉字原词、vi 用汉越词、th 音译、es 西语意译（首见处附拼音），待母语复核。","filled"
"tier2:bazi:branch_rel:fanyin","反吟","fǎnyín","地支关系","—","はんぎん","반음","phản ngâm","การครวญครางย้อนกลับ","gemido inverso","汉字文化圈术语：ja/ko 保留汉字原词、vi 用汉越词、th 音译、es 西语意译（首见处附拼音），待母语复核。","filled"
"tier2:bazi:branch_rel:anhe","暗合","ànhé","地支关系","—","あんごう","암합","ám hợp","การรวมตัวลับ","combinación oculta","汉字文化圈术语：ja/ko 保留汉字原词、vi 用汉越词、th 音译、es 西语意译（首见处附拼音），待母语复核。","filled"
"tier2:bazi:branch_rel:yaohe","遥合","yáohé","地支关系","—","ようごう","요합","yêu hợp","การรวมตัวระยะไกล","combinación a distancia","汉字文化圈术语：ja/ko 保留汉字原词、vi 用汉越词、th 音译、es 西语意译（首见处附拼音），待母语复核。","filled"
"tier2:bazi:branch_rel:yaochong","遥冲","yáochōng","地支关系","—","ようしょう","요충","yêu xung","การชนระยะไกล","choque a distancia","汉字文化圈术语：ja/ko 保留汉字原词、vi 用汉越词、th 音译、es 西语意译（首见处附拼音），待母语复核。","filled"
"tier2:bazi:branch_rel:gonghe","拱合","gǒnghé","地支关系","—","きょうごう","궁합","cung hợp","การรวมตัวโค้ง","combinación en arco","汉字文化圈术语：ja/ko 保留汉字原词、vi 用汉越词、th 音译、es 西语意译（首见处附拼音），待母语复核。","filled"
"tier2:bazi:branch_rel:gongjia","拱夹","gǒngjiā","地支关系","—","きょうきょう","궁가","cung giáp","การบีบโค้ง","arco y pinza","汉字文化圈术语：ja/ko 保留汉字原词、vi 用汉越词、th 音译、es 西语意译（首见处附拼音），待母语复核。","filled"
"tier2:bazi:branch_rel:sanxing","三刑","sānxíng","地支关系","—","さんけい","삼형","tam hình","สามการลงโทษ","tres castigos","汉字文化圈术语：ja/ko 保留汉字原词、vi 用汉越词、th 音译、es 西语意译（首见处附拼音），待母语复核。","filled"
"tier2:bazi:branch_rel:zixing","自刑","zìxíng","地支关系","—","じけい","자형","tự hình","การลงโทษตนเอง","castigo propio","汉字文化圈术语：ja/ko 保留汉字原词、vi 用汉越词、th 音译、es 西语意译（首见处附拼音），待母语复核。","filled"
"tier2:bazi:branch_rel:wu_en_zhi_xing","无恩之刑","wu en zhi xing","地支关系","—","むおんのけい","무인지형","vô ân chi hình","การลงโทษแห่งความไร้ความเมตตา","castigo sin gracia","汉字文化圈术语：ja/ko 保留汉字原词、vi 用汉越词、th 音译、es 西语意译（首见处附拼音），待母语复核。","filled"
"tier2:bazi:branch_rel:shishizhixing","恃势之刑","shìshìzhīxíng","地支关系","—","じせいのけい","시세의형","thì thế chi hình","การลงโทษแห่งการพึ่งพาอำนาจ","castigo por arrogancia","汉字文化圈术语：ja/ko 保留汉字原词、vi 用汉越词、th 音译、es 西语意译（首见处附拼音），待母语复核。","filled"
"tier2:bazi:branch_rel:wulizhixing","无礼之刑","wúlǐzhīxíng","地支关系","—","むれいのけい","무례지형","vô lễ chi hình","การลงโทษแห่งความไร้มารยาท","castigo por falta de cortesía","汉字文化圈术语：ja/ko 保留汉字原词、vi 用汉越词、th 音译、es 西语意译（首见处附拼音），待母语复核。","filled"
"tier2:bazi:branch_rel:hehua","合化","héhuà","地支关系","—","ごうか","합화","hợp hóa","การรวมตัวและการแปลงสภาพ","combinación y transformación","汉字文化圈术语：ja/ko 保留汉字原词、vi 用汉越词、th 音译、es 西语意译（首见处附拼音），待母语复核。","filled"
"tier2:bazi:branch_rel:duhe","妒合","dùhé","地支关系","—","とごう","두합","đố hợp","การรวมตัวแห่งความอิจฉา","combinación celosa","汉字文化圈术语：ja/ko 保留汉字原词、vi 用汉越词、th 音译、es 西语意译（首见处附拼音），待母语复核。","filled"
"tier2:bazi:branch_rel:zhenghe","争合","zhēnghé","地支关系","—","そうごう","쟁합","tranh hợp","การรวมตัวแห่งการแข่งขัน","combinación en disputa","汉字文化圈术语：ja/ko 保留汉字原词、vi 用汉越词、th 音译、es 西语意译（首见处附拼音），待母语复核。","filled"
"tier2:bazi:branch_rel:tanhewangchong","贪合忘冲","tānhéwàngchōng","地支关系","—","たんごうぼうしょう","탐합망충","tham hợp vong xung","การหลงใหลการรวมตัวจนลืมการชน","codicia de combinación que olvida el choque","汉字文化圈术语：ja/ko 保留汉字原词、vi 用汉越词、th 音译、es 西语意译（首见处附拼音），待母语复核。","filled"
"tier2:bazi:branch_rel:tanhewangke","贪合忘克","tānhéwàngkè","地支关系","—","たんごうぼうこく","탐합망극","tham hợp vong khắc","การหลงใหลการรวมตัวจนลืมการกดขี่","codicia de combinación que olvida la victoria","汉字文化圈术语：ja/ko 保留汉字原词、vi 用汉越词、th 音译、es 西语意译（首见处附拼音），待母语复核。","filled"
"tier2:bazi:branch_rel:he_er_bu_hua","合而不化","he er bu hua","地支关系","—","ごうにしてかす","합불화","hợp nhi bất hóa","การรวมตัวแต่ไม่แปลงสภาพ","combinación sin transformación","汉字文化圈术语：ja/ko 保留汉字原词、vi 用汉越词、th 音译、es 西语意译（首见处附拼音），待母语复核。","filled"
"tier2:bazi:branch_rel:chongzhongfenghe","冲中逢合","chōngzhōngfénghé","地支关系","—","しょうちゅうほうごう","충중봉합","xung trung phùng hợp","การพบการรวมตัวระหว่างการชน","choque que encuentra combinación","汉字文化圈术语：ja/ko 保留汉字原词、vi 用汉越词、th 音译、es 西语意译（首见处附拼音），待母语复核。","filled"
"tier2:bazi:branch_rel:hechufengchong","合处逢冲","héchùféngchōng","地支关系","—","ごうしょほうしょう","합처봉충","hợp xứ phùng xung","การพบการชนระหว่างการรวมตัว","combinación que encuentra choque","汉字文化圈术语：ja/ko 保留汉字原词、vi 用汉越词、th 音译、es 西语意译（首见处附拼音），待母语复核。","filled"
"tier2:bazi:branch_rel:banhe","半合","bànhé","地支关系","—","はんごう","반합","bán hợp","การรวมตัวครึ่งหนึ่ง","combinación parcial","汉字文化圈术语：ja/ko 保留汉字原词、vi 用汉越词、th 音译、es 西语意译（首见处附拼音），待母语复核。","filled"
"tier2:bazi:branch_rel:shengdibanhe","生地半合","shēngdìbànhé","地支关系","—","せいちはんごう","생지반합","sinh địa bán hợp","การรวมตัวครึ่งหนึ่งแห่งดินเกิด","combinación parcial en lugar de nacimiento","汉字文化圈术语：ja/ko 保留汉字原词、vi 用汉越词、th 音译、es 西语意译（首见处附拼音），待母语复核。","filled"
"tier2:bazi:branch_rel:mudibanhe","墓地半合","mùdìbànhé","地支关系","—","ぼちはんごう","묘지반합","mộ địa bán hợp","การรวมตัวครึ่งหนึ่งแห่งสุสาน","combinación parcial en lugar de tumba","汉字文化圈术语：ja/ko 保留汉字原词、vi 用汉越词、th 音译、es 西语意译（首见处附拼音），待母语复核。","filled"
"tier2:bazi:branch_rel:fangju","方局","fāngjú","地支关系","—","ほうきょく","방국","phương cục","รูปแบบสี่เหลี่ยม","estructura cuadrada","汉字文化圈术语：ja/ko 保留汉字原词、vi 用汉越词、th 音译、es 西语意译（首见处附拼音），待母语复核。","filled"
"tier2:bazi:branch_rel:sanhui","三会","sànhuì","地支关系","—","さんかい","삼회","tam hội","สามการรวมตัว","tres reuniones","汉字文化圈术语：ja/ko 保留汉字原词、vi 用汉越词、th 音译、es 西语意译（首见处附拼音），待母语复核。","filled"
"tier2:bazi:branch_rel:anchong","暗冲","ànchōng","地支关系","—","あんしょう","암충","ám xung","การชนลับ","choque oculto","汉字文化圈术语：ja/ko 保留汉字原词、vi 用汉越词、th 音译、es 西语意译（首见处附拼音），待母语复核。","filled"
"tier2:common:school:paisizhu","排四柱","páisìzhù","推命体系","—","はいしちゅう","사주 배치","bày tứ trụ","การจัดสี่เสาหลัก","ordenar las cuatro columnas","汉字文化圈术语：ja/ko 保留汉字原词、vi 用汉越词、th 音译、es 西语意译（首见处附拼音），待母语复核。","filled"
"tier2:common:school:paidayun","排大运","páidàyùn","推命体系","—","はいだい운","대운 배치","bày đại vận","การจัดโชคชะตาใหญ่","ordenar las grandes décadas","汉字文化圈术语：ja/ko 保留汉字原词、vi 用汉越词、th 音译、es 西语意译（首见处附拼音），待母语复核。","filled"
"tier2:common:school:pailiunian","排流年","páiliúnián","推命体系","—","はいりゅうねん","류년 배치","bày lưu niên","การจัดโชคชะตาประจำปี","ordenar los años","汉字文化圈术语：ja/ko 保留汉字原词、vi 用汉越词、th 音译、es 西语意译（首见处附拼音），待母语复核。","filled"
"tier2:common:school:qiyunshu","起运数","qǐyùnshù","推命体系","—","きうんすう","기운수","khởi vận số","ตัวเลขแห่งการเริ่มโชคชะตา","número de inicio de la década","汉字文化圈术语：ja/ko 保留汉字原词、vi 用汉越词、th 音译、es 西语意译（首见处附拼音），待母语复核。","filled"
"tier2:common:school:shunpai","顺排","shùnpái","推命体系","—","じゅんはい","순배","thuận bày","การจัดตามลำดับ","ordenar en sentido horario","汉字文化圈术语：ja/ko 保留汉字原词、vi 用汉越词、th 音译、es 西语意译（首见处附拼音），待母语复核。","filled"
"tier2:common:school:nipai","逆排","nìpái","推命体系","—","ぎゃくはい","역배","nghịch bày","การจัดย้อนลำดับ","ordenar en sentido antihorario","汉字文化圈术语：ja/ko 保留汉字原词、vi 用汉越词、th 音译、es 西语意译（首见处附拼音），待母语复核。","filled"
"tier2:common:school:jiaoyun","交运","jiāoyùn","推命体系","—","こううん","교운","giao vận","การเปลี่ยนโชคชะตา","cambio de década","汉字文化圈术语：ja/ko 保留汉字原词、vi 用汉越词、th 音译、es 西语意译（首见处附拼音），待母语复核。","filled"
"tier2:common:school:tuoyun","脱运","tuōyùn","推命体系","—","だつうん","탈운","thoát vận","การหลุดจากโชคชะตา","salida de la década","汉字文化圈术语：ja/ko 保留汉字原词、vi 用汉越词、th 音译、es 西语意译（首见处附拼音），待母语复核。","filled"
"tier2:common:school:huanyun","换运","huànyùn","推命体系","—","かんうん","환운","hoán vận","การเปลี่ยนโชคชะตา","cambio de década","汉字文化圈术语：ja/ko 保留汉字原词、vi 用汉越词、th 音译、es 西语意译（首见处附拼音），待母语复核。","filled"
"tier2:common:school:xiaoyun","小运","xiǎoyùn","推命体系","—","しょううん","소운","tiểu vận","โชคชะตาเล็ก","pequeñas décadas","汉字文化圈术语：ja/ko 保留汉字原词、vi 用汉越词、th 音译、es 西语意译（首见处附拼音），待母语复核。","filled"
"tier2:common:school:mingxian","命限","mìngxiàn","推命体系","—","めいげん","명한","mệnh hạn","ขีดจำกัดแห่งชะตา","límite de la vida","汉字文化圈术语：ja/ko 保留汉字原词、vi 用汉越词、th 音译、es 西语意译（首见处附拼音），待母语复核。","filled"
"tier2:common:school:shenfengtongkao","神峰通考","shénfēngtōngkǎo","推命体系","—","しんほうつうこう","신봉통고","thần phong thông khảo","การสอบผ่านแห่งยอดเขาแห่งเทพเจ้า","exhaustivo examen de Shengfeng","汉字文化圈术语：ja/ko 保留汉字原词、vi 用汉越词、th 音译、es 西语意译（首见处附拼音），待母语复核。","filled"
"tier2:common:term:mingshu","命书","mìngshū","基础","—","めいしょ","명서","mệnh thư","หนังสือแห่งชะตา","libro de destino","汉字文化圈术语：ja/ko 保留汉字原词、vi 用汉越词、th 音译、es 西语意译（首见处附拼音），待母语复核。","filled"
"tier2:common:term:tuiming","推命","tuīmìng","基础","—","すいめい","추명","thôi mệnh","การคำนวณชะตา","deducir el destino","汉字文化圈术语：ja/ko 保留汉字原词、vi 用汉越词、th 音译、es 西语意译（首见处附拼音），待母语复核。","filled"
"tier2:common:term:suanming","算命","suànmìng","基础","—","さんめい","산명","toán mệnh","การอ่านชะตา","adivinar el destino","汉字文化圈术语：ja/ko 保留汉字原词、vi 用汉越词、th 音译、es 西语意译（首见处附拼音），待母语复核。","filled"
"tier2:common:term:pibazi","批八字","pībāzì","基础","—","ひはっち","팔자 비평","phê bát tự","การวิจารณ์แปดตัวอักษร","analizar los ocho caracteres","汉字文化圈术语：ja/ko 保留汉字原词、vi 用汉越词、th 音译、es 西语意译（首见处附拼音），待母语复核。","filled"
"tier2:ziwei:star:paipan","排盘","páipán","基础","—","はいばん","판 배치","bày bàn","การจัดกระดาน","ordenar la carta","汉字文化圈术语：ja/ko 保留汉字原词、vi 用汉越词、th 音译、es 西语意译（首见处附拼音），待母语复核。","filled"
"tier2:common:term:qipan","起盘","qǐpán","基础","—","きばん","판 시작","khởi bàn","การเริ่มกระดาน","iniciar la carta","汉字文化圈术语：ja/ko 保留汉字原词、vi 用汉越词、th 音译、es 西语意译（首见处附拼音），待母语复核。","filled"
"tier2:common:term:dingpan","定盘","dìngpán","基础","—","ていばん","판 확정","định bàn","การกำหนดกระดาน","fijar la carta","汉字文化圈术语：ja/ko 保留汉字原词、vi 用汉越词、th 音译、es 西语意译（首见处附拼音），待母语复核。","filled"
"tier2:common:term:gaiyun","改运","gǎiyùn","基础","—","かいうん","개운","cải vận","การเปลี่ยนโชคชะตา","cambiar la fortuna","汉字文化圈术语：ja/ko 保留汉字原词、vi 用汉越词、th 音译、es 西语意译（首见处附拼音），待母语复核。","filled"
"tier2:common:term:suanmingxiansheng","算命先生","suànmìngxiānsheng","基础","—","さんめいせんせい","산명선생","toán mệnh tiên sinh","ผู้ทำนายชะตา","adivino","汉字文化圈术语：ja/ko 保留汉字原词、vi 用汉越词、th 音译、es 西语意译（首见处附拼音），待母语复核。","filled"
"tier2:common:term:shushi","术士","shùshì","基础","—","じゅつし","술사","thuật sĩ","ผู้เชี่ยวชาญในศาสตร์","practicante de artes","汉字文化圈术语：ja/ko 保留汉字原词、vi 用汉越词、th 音译、es 西语意译（首见处附拼音），待母语复核。","filled"
"tier2:common:term:shushu","术数","shùshù","基础","—","じゅつすう","술수","thuật số","ศาสตร์แห่งตัวเลข","artes numéricas","汉字文化圈术语：ja/ko 保留汉字原词、vi 用汉越词、th 音译、es 西语意译（首见处附拼音），待母语复核。","filled"
"tier2:common:term:mingli","命理","mìnglǐ","基础","—","めいり","명리","mệnh lý","หลักแห่งชะตา","principios del destino","汉字文化圈术语：ja/ko 保留汉字原词、vi 用汉越词、th 音译、es 西语意译（首见处附拼音），待母语复核。","filled"
"tier2:common:term:mingyun","命运","mìngyùn","基础","—","めい운","명운","mệnh vận","โชคชะตา","destino","汉字文化圈术语：ja/ko 保留汉字原词、vi 用汉越词、th 音译、es 西语意译（首见处附拼音），待母语复核。","filled"
"tier2:common:term:suming","宿命","sùmìng","基础","—","しゅくめい","숙명","tục mệnh","โชคชะตาที่กำหนดไว้","destino predestinado","汉字文化圈术语：ja/ko 保留汉字原词、vi 用汉越词、th 音译、es 西语意译（首见处附拼音），待母语复核。","filled"
"tier2:common:term:gaiming","改命","gǎimìng","基础","—","かいめい","개명","cải mệnh","การเปลี่ยนชะตา","cambiar el destino","汉字文化圈术语：ja/ko 保留汉字原词、vi 用汉越词、th 音译、es 西语意译（首见处附拼音），待母语复核。","filled"
"tier2:common:term:zaoming","造命","zàomìng","基础","—","ぞうめい","조명","tạo mệnh","การสร้างชะตา","crear el destino","汉字文化圈术语：ja/ko 保留汉字原词、vi 用汉越词、th 音译、es 西语意译（首见处附拼音），待母语复核。","filled"
"tier2:common:term:zhiming","知命","zhīmìng","基础","—","ちめい","지명","tri mệnh","การรู้ชะตา","conocer el destino","汉字文化圈术语：ja/ko 保留汉字原词、vi 用汉越词、th 音译、es 西语意译（首见处附拼音），待母语复核。","filled"
"tier2:common:term:liming","立命","lìmìng","基础","—","りつめい","립명","lập mệnh","การตั้งชะตา","establecer el destino","汉字文化圈术语：ja/ko 保留汉字原词、vi 用汉越词、th 音译、es 西语意译（首见处附拼音），待母语复核。","filled"
"tier2:ziwei:star:anxing","安星","ānxīng","基础","—","あんせい","안성","an tinh","การติดตั้งดาว","colocar estrellas","汉字文化圈术语：ja/ko 保留汉字原词、vi 用汉越词、th 音译、es 西语意译（首见处附拼音），待母语复核。","filled"
"tier2:common:term:luogong","落宫","luògōng","基础","—","らくきゅう","락궁","lạc cung","การตกสู่ตำหนัก","caer en palacio","汉字文化圈术语：ja/ko 保留汉字原词、vi 用汉越词、th 音译、es 西语意译（首见处附拼音），待母语复核。","filled"
"ziwei:palace:minggong","命宫","mìnggōng","十二宫","Life Palace","命宮","명궁","Mệnh Cung","เหมิงกง","Palacio de la Vida","Sino-xenic 定读(ja/ko/vi)+pinyin 通行(en/es)+th 音译或意译；待母语复核","filled"
"tier2:common:term:shengong","身宫","shēngōng","十二宫","—","しんきゅう","신궁","thân cung","ตำหนักแห่งร่างกาย","palacio del cuerpo","汉字文化圈术语：ja/ko 保留汉字原词、vi 用汉越词、th 音译、es 西语意译（首见处附拼音），待母语复核。","filled"
"ziwei:star:qinglong","青龙","qīnglóng","紫微星曜","Azure Dragon","青龍","청룡","Thanh Long","ชิงหลง","Dragón Azul","Sino-xenic 定读(ja/ko/vi)+pinyin 通行(en/es)+th 音译或意译；待母语复核","filled"
"tier2:ziwei:star:xiaohao","小耗","xiǎohào","紫微星曜","—","しょうこう","소호","tiểu hao","การสูญเสียเล็ก","pequeño gasto","汉字文化圈术语：ja/ko 保留汉字原词、vi 用汉越词、th 音译、es 西语意译（首见处附拼音），待母语复核。","filled"
"tier2:ziwei:star:bingfu","病符","bìngfú","紫微星曜","—","びょうふ","병부","bệnh phù","สัญลักษณ์แห่งโรค","símbolo de enfermedad","汉字文化圈术语：ja/ko 保留汉字原词、vi 用汉越词、th 音译、es 西语意译（首见处附拼音），待母语复核。","filled"
"tier2:bazi:shensha:sangmen","丧门","sàngmén","紫微星曜","—","そうもん","상문","táng môn","ประตูแห่งการสูญเสีย","puerta del luto","汉字文化圈术语：ja/ko 保留汉字原词、vi 用汉越词、th 音译、es 西语意译（首见处附拼音），待母语复核。","filled"
"ziwei:star:baihu","白虎","báihǔ","紫微星曜","White Tiger","白虎","백호","Bạch Hổ","ไป๋หู","Tigre Blanco","Sino-xenic 定读(ja/ko/vi)+pinyin 通行(en/es)+th 音译或意译；待母语复核","filled"
"tier2:bazi:shensha:longde","龙德","lóngdé","紫微星曜","—","りゅうとく","룡덕","long đức","คุณธรรมแห่งมังกร","virtud del dragón","汉字文化圈术语：ja/ko 保留汉字原词、vi 用汉越词、th 音译、es 西语意译（首见处附拼音），待母语复核。","filled"
"ziwei:star:tiande","天德","tiāndé","紫微星曜","Heavenly Virtue","天德貴人","천덕귀인","Thiên Đức Quý Nhân","เทียนเต๋อกุยเหริน","Virtud Celestial","Sino-xenic 定读(ja/ko/vi)+pinyin 通行(en/es)+th 音译或意译；待母语复核","filled"
"ziwei:star:xianchi","咸池","xiánchí","紫微星曜","Xianchi (Peach Blossom)","咸池","함지","Hàm Trì","เซียนฉือ","Xianchi (Flor de durazno)","Sino-xenic 定读(ja/ko/vi)+pinyin 通行(en/es)+th 音译或意译；待母语复核","filled"
"ziwei:star:huagai","华盖","huágài","紫微星曜","Canopy","華蓋","화개","Hoa Cái","หัวไก่","Dosel","Sino-xenic 定读(ja/ko/vi)+pinyin 通行(en/es)+th 音译或意译；待母语复核","filled"
"tier2:bazi:shensha:suipo","岁破","suìpò","紫微星曜","—","さいは","세파","tuế phá","การทำลายแห่งปี","destrucción del año","汉字文化圈术语：ja/ko 保留汉字原词、vi 用汉越词、th 音译、es 西语意译（首见处附拼音），待母语复核。","filled"
"tier2:ziwei:star:wuxingju","五行局","wǔxíngjú","紫微星曜","—","ごぎょうきょく","오행국","ngũ hành cục","รูปแบบแห่งห้าธาตุ","estructura de los cinco elementos","汉字文化圈术语：ja/ko 保留汉字原词、vi 用汉越词、th 音译、es 西语意译（首见处附拼音），待母语复核。","filled"
"tier2:ziwei:star:shui_er_ju","水二局","shui er ju","紫微星曜","—","すいにきょく","수이국","thủy nhị cục","รูปแบบน้ำที่สอง","estructura de agua dos","汉字文化圈术语：ja/ko 保留汉字原词、vi 用汉越词、th 音译、es 西语意译（首见处附拼音），待母语复核。","filled"
"tier2:ziwei:star:musanju","木三局","mùsānjú","紫微星曜","—","ぼくさんきょく","목삼국","mộc tam cục","รูปแบบไม้ที่สาม","estructura de madera tres","汉字文化圈术语：ja/ko 保留汉字原词、vi 用汉越词、th 音译、es 西语意译（首见处附拼音），待母语复核。","filled"
"tier2:ziwei:star:jinsiju","金四局","jīnsìjú","紫微星曜","—","きんしきょく","금사국","kim tứ cục","รูปแบบทองที่สี่","estructura de metal cuatro","汉字文化圈术语：ja/ko 保留汉字原词、vi 用汉越词、th 音译、es 西语意译（首见处附拼音），待母语复核。","filled"
"tier2:ziwei:star:tuwuju","土五局","tǔwǔjú","紫微星曜","—","どごきょく","토오국","thổ ngũ cục","รูปแบบดินที่ห้า","estructura de tierra cinco","汉字文化圈术语：ja/ko 保留汉字原词、vi 用汉越词、th 音译、es 西语意译（首见处附拼音），待母语复核。","filled"
"tier2:ziwei:star:huoliuju","火六局","huǒliùjú","紫微星曜","—","かろっきょく","화육국","hỏa lục cục","รูปแบบไฟที่หก","estructura de fuego seis","汉字文化圈术语：ja/ko 保留汉字原词、vi 用汉越词、th 音译、es 西语意译（首见处附拼音），待母语复核。","filled"
"tier2:ziwei:star:yangnan","阳男","yángnán","紫微星曜","—","ようだん","양남","dương nam","ชายหยาง","hombre yang","汉字文化圈术语：ja/ko 保留汉字原词、vi 用汉越词、th 音译、es 西语意译（首见处附拼音），待母语复核。","filled"
"tier2:ziwei:star:yinu","阴女","yīnǚ","紫微星曜","—","いんじょ","음여","âm nữ","หญิงหยิน","mujer yin","汉字文化圈术语：ja/ko 保留汉字原词、vi 用汉越词、th 音译、es 西语意译（首见处附拼音），待母语复核。","filled"
"tier2:ziwei:star:yingnan","阴男","yīngnán","紫微星曜","—","いんだん","음남","âm nam","ชายหยิน","hombre yin","汉字文化圈术语：ja/ko 保留汉字原词、vi 用汉越词、th 音译、es 西语意译（首见处附拼音），待母语复核。","filled"
"tier2:ziwei:star:yangnu","阳女","yángnǚ","紫微星曜","—","ようじょ","양여","dương nữ","หญิงหยาง","mujer yang","汉字文化圈术语：ja/ko 保留汉字原词、vi 用汉越词、th 音译、es 西语意译（首见处附拼音），待母语复核。","filled"
"tier2:ziwei:star:shunxing","顺行","shùnxíng","紫微星曜","—","じゅんこう","순행","thuận hành","การเคลื่อนที่ตามลำดับ","movimiento directo","汉字文化圈术语：ja/ko 保留汉字原词、vi 用汉越词、th 音译、es 西语意译（首见处附拼音），待母语复核。","filled"
"tier2:ziwei:star:nixing","逆行","nìxíng","紫微星曜","—","ぎゃくこう","역행","nghịch hành","การเคลื่อนที่ย้อนลำดับ","movimiento inverso","汉字文化圈术语：ja/ko 保留汉字原词、vi 用汉越词、th 音译、es 西语意译（首见处附拼音），待母语复核。","filled"
"tier2:ziwei:star:shunbu","顺布","shùnbù","紫微星曜","—","じゅんぷ","순부","thuận bố","การกระจายตามลำดับ","distribución directa","汉字文化圈术语：ja/ko 保留汉字原词、vi 用汉越词、th 音译、es 西语意译（首见处附拼音），待母语复核。","filled"
"tier2:ziwei:star:nibu","逆布","nìbù","紫微星曜","—","ぎゃくぷ","역부","nghịch bố","การกระจายย้อนลำดับ","distribución inversa","汉字文化圈术语：ja/ko 保留汉字原词、vi 用汉越词、th 音译、es 西语意译（首见处附拼音），待母语复核。","filled"
"tier2:ziwei:star:anshengong","安身宫","ānshēngōng","紫微星曜","—","あんしんきゅう","안신궁","an thân cung","การติดตั้งตำหนักแห่งร่างกาย","colocar el palacio del cuerpo","汉字文化圈术语：ja/ko 保留汉字原词、vi 用汉越词、th 音译、es 西语意译（首见处附拼音），待母语复核。","filled"
"tier2:ziwei:star:qixiaoxian","起小限","qǐxiǎoxiàn","紫微星曜","—","きしょうげん","기소한","khởi tiểu hạn","การเริ่มขีดจำกัดเล็ก","iniciar el pequeño límite","汉字文化圈术语：ja/ko 保留汉字原词、vi 用汉越词、th 音译、es 西语意译（首见处附拼音），待母语复核。","filled"
"tier2:ziwei:star:qiliunian","起流年","qǐliúnián","紫微星曜","—","きりゅうねん","기류년","khởi lưu niên","การเริ่มโชคชะตาประจำปี","iniciar el año","汉字文化圈术语：ja/ko 保留汉字原词、vi 用汉越词、th 音译、es 西语意译（首见处附拼音），待母语复核。","filled"
"tier2:ziwei:star:anfuyao","安辅曜","ānfǔyào","紫微星曜","—","あんほよう","안보요","an phụ曜","การติดตั้งดาวบริวาร","colocar estrellas auxiliares","汉字文化圈术语：ja/ko 保留汉字原词、vi 用汉越词、th 音译、es 西语意译（首见处附拼音），待母语复核。","filled"
"tier2:ziwei:star:anshayao","安煞曜","ānshàyào","紫微星曜","—","あんさつよう","안사요","an sát曜","การติดตั้งดาวอสูร","colocar estrellas malignas","汉字文化圈术语：ja/ko 保留汉字原词、vi 用汉越词、th 音译、es 西语意译（首见处附拼音），待母语复核。","filled"
"tier2:ziwei:star:ansihua","安四化","ānsìhuà","紫微星曜","—","あんしか","안사화","an tứ hóa","การติดตั้งสี่การแปลงสภาพ","colocar las cuatro transformaciones","汉字文化圈术语：ja/ko 保留汉字原词、vi 用汉越词、th 音译、es 西语意译（首见处附拼音），待母语复核。","filled"
"tier2:ziwei:star:paidaxian","排大限","páidàxiàn","紫微星曜","—","はいだいげん","대한 배치","bày đại hạn","การจัดขีดจำกัดใหญ่","ordenar el gran límite","汉字文化圈术语：ja/ko 保留汉字原词、vi 用汉越词、th 音译、es 西语意译（首见处附拼音），待母语复核。","filled"
"tier2:ziwei:star:dingziwei","定紫微星","dìngzǐwēi","紫微星曜","—","ていしびせい","자미성 확정","định tử vi tinh","การกำหนดดาวจื่อเว่ย","fijar la estrella Ziwei","汉字文化圈术语：ja/ko 保留汉字原词、vi 用汉越词、th 音译、es 西语意译（首见处附拼音），待母语复核。","filled"
"tier2:ziwei:star:qidoujun","起斗君","qǐdòujūn","紫微星曜","—","きとうくん","기두군","khởi đấu quân","การเริ่มดาวตู่จวิน","iniciar el señor de la estrella","汉字文化圈术语：ja/ko 保留汉字原词、vi 用汉越词、th 音译、es 西语意译（首见处附拼音），待母语复核。","filled"
"tier2:ziwei:star:anminggong","安命宫","ānmìnggōng","紫微星曜","—","あんめいきゅう","안명궁","an mệnh cung","การติดตั้งตำหนักแห่งชะตา","colocar el palacio de la vida","汉字文化圈术语：ja/ko 保留汉字原词、vi 用汉越词、th 音译、es 西语意译（首见处附拼音），待母语复核。","filled"
"tier2:ziwei:star:an_shi_er_gong","安十二宫","an shi er gong","紫微星曜","—","あんじゅうにきゅう","안십이궁","an thập nhị cung","การติดตั้งสิบสองตำหนัก","colocar los doce palacios","汉字文化圈术语：ja/ko 保留汉字原词、vi 用汉越词、th 音译、es 西语意译（首见处附拼音），待母语复核。","filled"
"tier2:ziwei:star:qishengong","起身宫","qǐshēngōng","紫微星曜","—","きしんきゅう","기신궁","khởi thân cung","การเริ่มตำหนักแห่งร่างกาย","colocar el palacio del cuerpo","汉字文化圈术语：ja/ko 保留汉字原词、vi 用汉越词、th 音译、es 西语意译（首见处附拼音），待母语复核。","filled"
"tier2:ziwei:star:mingshentonggong","命身同宫","mìngshēntónggōng","紫微星曜","—","めいしんどうきゅう","명신동궁","mệnh thân đồng cung","ตำหนักแห่งชะตาและร่างกายเดียวกัน","vida y cuerpo en el mismo palacio","汉字文化圈术语：ja/ko 保留汉字原词、vi 用汉越词、th 音译、es 西语意译（首见处附拼音），待母语复核。","filled"
"tier2:ziwei:star:mingshenduizhao","命身对照","mìngshēnduìzhào","紫微星曜","—","めいしんたいしょう","명신대조","mệnh thân đối chiếu","การเปรียบเทียบตำหนักแห่งชะตาและร่างกาย","vida y cuerpo en oposición","汉字文化圈术语：ja/ko 保留汉字原词、vi 用汉越词、th 音译、es 西语意译（首见处附拼音），待母语复核。","filled"
"tier2:ziwei:star:mingshenfengong","命身分宫","mìngshēnfēngōng","紫微星曜","—","めいしんぶんきゅう","명신분궁","mệnh thân phân cung","การแบ่งตำหนักแห่งชะตาและร่างกาย","vida y cuerpo en palacios separados","汉字文化圈术语：ja/ko 保留汉字原词、vi 用汉越词、th 音译、es 西语意译（首见处附拼音），待母语复核。","filled"
"tier2:ziwei:star:daxianminggong","大限命宫","dàxiànmìnggōng","紫微星曜","—","だいげんめいきゅう","대한명궁","đại hạn mệnh cung","ตำหนักแห่งชะตาในขีดจำกัดใหญ่","palacio de la vida del gran límite","汉字文化圈术语：ja/ko 保留汉字原词、vi 用汉越词、th 音译、es 西语意译（首见处附拼音），待母语复核。","filled"
"tier2:ziwei:star:liunianminggong","流年命宫","liúniánmìnggōng","紫微星曜","—","りゅうねんめいきゅう","류년명궁","lưu niên mệnh cung","ตำหนักแห่งชะตาในโชคชะตาประจำปี","palacio de la vida del año","汉字文化圈术语：ja/ko 保留汉字原词、vi 用汉越词、th 音译、es 西语意译（首见处附拼音），待母语复核。","filled"
"tier2:ziwei:star:xiaoxianminggong","小限命宫","xiǎoxiànmìnggōng","紫微星曜","—","しょうげんめいきゅう","소한명궁","tiểu hạn mệnh cung","ตำหนักแห่งชะตาในขีดจำกัดเล็ก","palacio de la vida del pequeño límite","汉字文化圈术语：ja/ko 保留汉字原词、vi 用汉越词、th 音译、es 西语意译（首见处附拼音），待母语复核。","filled"
"tier2:ziwei:star:xingyao","星曜","xīngyào","紫微星曜","—","せいよう","성요","tinh曜","ดาว","estrellas","汉字文化圈术语：ja/ko 保留汉字原词、vi 用汉越词、th 音译、es 西语意译（首见处附拼音），待母语复核。","filled"
"tier2:ziwei:star:liangdu","亮度","liàngdù","紫微星曜","—","りょうど","명도","lộ độ","ความสว่าง","brillo","汉字文化圈术语：ja/ko 保留汉字原词、vi 用汉越词、th 音译、es 西语意译（首见处附拼音），待母语复核。","filled"
"tier2:ziwei:star:pingxian","平闲","píngxián","紫微星曜","—","へいけん","평한","bình nhàn","ความสงบ","plano y ocioso","汉字文化圈术语：ja/ko 保留汉字原词、vi 用汉越词、th 音译、es 西语意译（首见处附拼音），待母语复核。","filled"
"tier2:ziwei:star:luoxianxing","落陷星","luòxiànxīng","紫微星曜","—","らくかんせい","락함성","lạc hiểm tinh","ดาวที่ตกต่ำ","estrella caída","汉字文化圈术语：ja/ko 保留汉字原词、vi 用汉越词、th 音译、es 西语意译（首见处附拼音），待母语复核。","filled"
"tier2:ziwei:sihua:sihua","四化","sìhuà","紫微四化","—","しか","사화","tứ hóa","สี่การแปลงสภาพ","cuatro transformaciones","汉字文化圈术语：ja/ko 保留汉字原词、vi 用汉越词、th 音译、es 西语意译（首见处附拼音），待母语复核。","filled"
"tier2:ziwei:sihua:huaqi","化气","huàqì","紫微四化","—","かき","화기","hóa khí","การแปลงสภาพ","energía de transformación","汉字文化圈术语：ja/ko 保留汉字原词、vi 用汉越词、th 音译、es 西语意译（首见处附拼音），待母语复核。","filled"
"tier2:ziwei:sihua:gonggansihua","宫干四化","gōnggànsìhuà","紫微四化","—","きゅうかんしか","궁간사화","cung can tứ hóa","สี่การแปลงสภาพแห่งกานแห่งตำหนัก","cuatro transformaciones del palacio y el tallo","汉字文化圈术语：ja/ko 保留汉字原词、vi 用汉越词、th 音译、es 西语意译（首见处附拼音），待母语复核。","filled"
"tier2:ziwei:sihua:feixingsihua","飞星四化","fēixīngsìhuà","紫微四化","—","ひせいしか","비성사화","phi tinh tứ hóa","สี่การแปลงสภาพแห่งดาวบิน","cuatro transformaciones de la estrella voladora","汉字文化圈术语：ja/ko 保留汉字原词、vi 用汉越词、th 音译、es 西语意译（首见处附拼音），待母语复核。","filled"
"tier2:ziwei:sihua:shengniansihua","生年四化","shēngniánsìhuà","紫微四化","—","せいねんしか","생년사화","sinh niên tứ hóa","สี่การแปลงสภาพแห่งปีเกิด","cuatro transformaciones del año de nacimiento","汉字文化圈术语：ja/ko 保留汉字原词、vi 用汉越词、th 音译、es 西语意译（首见处附拼音），待母语复核。","filled"
"tier2:ziwei:sihua:daxiansihua","大限四化","dàxiànsìhuà","紫微四化","—","だいげんしか","대한사화","đại hạn tứ hóa","สี่การแปลงสภาพแห่งขีดจำกัดใหญ่","cuatro transformaciones del gran límite","汉字文化圈术语：ja/ko 保留汉字原词、vi 用汉越词、th 音译、es 西语意译（首见处附拼音），待母语复核。","filled"
"tier2:ziwei:sihua:liuniansihua","流年四化","liúniánsìhuà","紫微四化","—","—","연류사화","tứ hóa lưu niên","si phap nam","cuatro transformaciones del año","汉字文化圈术语：ja/ko 保留汉字原词、vi 用汉越词、th 音译、es 西语意译（首见处附拼音），待母语复核。","filled"
"tier2:ziwei:sihua:xiaoxiansihua","小限四化","xiǎoxiànsìhuà","紫微四化","—","—","소헌사화","tứ hóa tiểu hạn","si phap xiao xian","cuatro transformaciones del límite menor","汉字文化圈术语：ja/ko 保留汉字原词、vi 用汉越词、th 音译、es 西语意译（首见处附拼音），待母语复核。","filled"
"tier2:ziwei:sihua:sanqijiahui","三奇加会","sānqíjiāhuì","紫微四化","—","—","삼기가회","tam kỳ gia hội","san qi jia hui","encuentro de las tres maravillas","汉字文化圈术语：ja/ko 保留汉字原词、vi 用汉越词、th 音译、es 西语意译（首见处附拼音），待母语复核。","filled"
"tier2:ziwei:sihua:luquankehui","禄权科会","lùquánkēhuì","紫微四化","—","禄権科会","록권과회","lộc quyền khoa hội","lu quan ke hui","encuentro de fortuna, poder y fama","汉字文化圈术语：ja/ko 保留汉字原词、vi 用汉越词、th 音译、es 西语意译（首见处附拼音），待母语复核。","filled"
"tier2:ziwei:sihua:huajichong","化忌冲","huàjìchōng","紫微四化","—","—","화기충","hóa kỵ xung","hua ji chong","choque de la transformación de tabú","汉字文化圈术语：ja/ko 保留汉字原词、vi 用汉越词、th 音译、es 西语意译（首见处附拼音），待母语复核。","filled"
"tier2:ziwei:sihua:hualufengkong","化禄逢空","huàlùféngkōng","紫微四化","—","—","화록봉공","hóa lộc phùng không","hua lu feng kong","transformación de fortuna que encuentra vacío","汉字文化圈术语：ja/ko 保留汉字原词、vi 用汉越词、th 音译、es 西语意译（首见处附拼音），待母语复核。","filled"
"tier2:ziwei:sihua:huaquanyusha","化权遇煞","huàquányùshà","紫微四化","—","化権遇煞","화권우살","hóa quyền ngộ sát","hua quan yu sha","transformación de poder que se encuentra con maldición","汉字文化圈术语：ja/ko 保留汉字原词、vi 用汉越词、th 音译、es 西语意译（首见处附拼音），待母语复核。","filled"
"tier2:ziwei:sihua:huakefengji","化科逢忌","huàkēféngjì","紫微四化","—","—","화과봉기","hóa khoa phùng kỵ","hua ke feng ji","transformación de fama que se encuentra con tabú","汉字文化圈术语：ja/ko 保留汉字原词、vi 用汉越词、th 音译、es 西语意译（首见处附拼音），待母语复核。","filled"
"tier2:ziwei:geju:tanlange","贪狼格","tānlángé","紫微格局","—","貪狼格","탐랑격","càn lang cách","tan lang ge","estructura de Tan Lang","汉字文化圈术语：ja/ko 保留汉字原词、vi 用汉越词、th 音译、es 西语意译（首见处附拼音），待母语复核。","filled"
"tier2:ziwei:geju:wuquge","武曲格","wǔqūgé","紫微格局","—","—","무곡격","vũ khúc cách","wu qu ge","estructura de Wu Qu","汉字文化圈术语：ja/ko 保留汉字原词、vi 用汉越词、th 音译、es 西语意译（首见处附拼音），待母语复核。","filled"
"tier2:ziwei:geju:lianzhenge","廉贞格","liánzhēngé","紫微格局","—","廉貞格","렴진격","liêm trinh cách","lian zhen ge","estructura de Lian Zhen","汉字文化圈术语：ja/ko 保留汉字原词、vi 用汉越词、th 音译、es 西语意译（首见处附拼音），待母语复核。","filled"
"tier2:ziwei:geju:tianfuge","天府格","tiānfǔgé","紫微格局","—","—","천부격","thiên phủ cách","tian fu ge","estructura de Tian Fu","汉字文化圈术语：ja/ko 保留汉字原词、vi 用汉越词、th 音译、es 西语意译（首见处附拼音），待母语复核。","filled"
"tier2:ziwei:geju:taiyangge","太阳格","tàiyánggé","紫微格局","—","太陽格","태양격","thái dương cách","tai yang ge","estructura de Tai Yang","汉字文化圈术语：ja/ko 保留汉字原词、vi 用汉越词、th 音译、es 西语意译（首见处附拼音），待母语复核。","filled"
"tier2:ziwei:geju:taiyinge","太阴格","tàiyīngé","紫微格局","—","太陰格","태음격","thái âm cách","tai yin ge","estructura de Tai Yin","汉字文化圈术语：ja/ko 保留汉字原词、vi 用汉越词、th 音译、es 西语意译（首见处附拼音），待母语复核。","filled"
"tier2:ziwei:geju:tianjige","天机格","tiānjīgé","紫微格局","—","天機格","천기격","thiên cơ cách","tian ji ge","estructura de Tian Ji","汉字文化圈术语：ja/ko 保留汉字原词、vi 用汉越词、th 音译、es 西语意译（首见处附拼音），待母语复核。","filled"
"tier2:ziwei:geju:tiantonge","天同格","tiāntóngé","紫微格局","—","—","천동격","thiên đồng cách","tian tong ge","estructura de Tian Tong","汉字文化圈术语：ja/ko 保留汉字原词、vi 用汉越词、th 音译、es 西语意译（首见处附拼音），待母语复核。","filled"
"tier2:ziwei:geju:tianliange","天梁格","tiānliángé","紫微格局","—","—","천량격","thiên lương cách","tian liang ge","estructura de Tian Liang","汉字文化圈术语：ja/ko 保留汉字原词、vi 用汉越词、th 音译、es 西语意译（首见处附拼音），待母语复核。","filled"
"tier2:ziwei:geju:tianxiangge","天相格","tiānxiànggé","紫微格局","—","—","천상격","thiên tướng cách","tian xiang ge","estructura de Tian Xiang","汉字文化圈术语：ja/ko 保留汉字原词、vi 用汉越词、th 音译、es 西语意译（首见处附拼音），待母语复核。","filled"
"tier2:ziwei:geju:jumenge","巨门格","jùméngé","紫微格局","—","巨門格","거문격","cự môn cách","ju men ge","estructura de Ju Men","汉字文化圈术语：ja/ko 保留汉字原词、vi 用汉越词、th 音译、es 西语意译（首见处附拼音），待母语复核。","filled"
"tier2:ziwei:geju:pojunge","破军格","pòjūngé","紫微格局","—","破軍格","파군격","phá quân cách","po jun ge","estructura de Po Jun","汉字文化圈术语：ja/ko 保留汉字原词、vi 用汉越词、th 音译、es 西语意译（首见处附拼音），待母语复核。","filled"
"tier2:ziwei:geju:qishage","七杀格","qīshāgé","紫微格局","—","七殺格","칠살격","thất sát cách","qi sha ge","estructura de Qi Sha","汉字文化圈术语：ja/ko 保留汉字原词、vi 用汉越词、th 音译、es 西语意译（首见处附拼音），待母语复核。","filled"
"tier2:ziwei:geju:ziweige","紫微格","zǐwēigé","紫微格局","—","—","자미격","tử vi cách","zi wei ge","estructura de Zi Wei","汉字文化圈术语：ja/ko 保留汉字原词、vi 用汉越词、th 音译、es 西语意译（首见处附拼音），待母语复核。","filled"
"tier2:ziwei:geju:xingshajiazhige","刑杀夹制格","xíngshājiázhìgé","紫微格局","—","刑殺夾制格","형살갑제격","hình sát giáp chế cách","xing sha jia zhi ge","estructura de pinza de castigo y matanza","汉字文化圈术语：ja/ko 保留汉字原词、vi 用汉越词、th 音译、es 西语意译（首见处附拼音），待母语复核。","filled"
"tier2:ziwei:geju:tanwubufashaoniange","贪武不发少年格","tānwǔbùfāshàoniángé","紫微格局","—","貪武不发少年格","탐무불발소년격","càn vũ bất phát thiếu niên cách","tan wu bu fa shao nian ge","estructura de Tan Lang y Wu Qu sin éxito en la juventud","汉字文化圈术语：ja/ko 保留汉字原词、vi 用汉越词、th 音译、es 西语意译（首见处附拼音），待母语复核。","filled"
"tier2:ziwei:geju:mingshentonggongge","命身同宫格","mìngshēntónggōnggé","紫微格局","—","命身同宮格","명신동궁격","mệnh thân đồng cung cách","ming shen tong gong ge","estructura de vida y cuerpo en el mismo palacio","汉字文化圈术语：ja/ko 保留汉字原词、vi 用汉越词、th 音译、es 西语意译（首见处附拼音），待母语复核。","filled"
"tier2:ziwei:geju:sanfangguige","三方贵格","sānfāngguìgé","紫微格局","—","三方貴格","삼방귀격","tam phương quý cách","san fang gui ge","estructura noble de los tres lados","汉字文化圈术语：ja/ko 保留汉字原词、vi 用汉越词、th 音译、es 西语意译（首见处附拼音），待母语复核。","filled"
"tier2:ziwei:geju:sizhengxiongge","四正凶格","sìzhèngxiōnggé","紫微格局","—","—","사정흉격","tứ chính hung cách","si zheng xiong ge","estructura infausta de los cuatro principales","汉字文化圈术语：ja/ko 保留汉字原词、vi 用汉越词、th 音译、es 西语意译（首见处附拼音），待母语复核。","filled"
"tier2:ziwei:geju:xingyaobingminge","星曜并明格","xīngyàobìngmíngé","紫微格局","—","星曜並明格","성요병명격","tinh曜 bình minh cách","xing yao bing ming ge","estructura de estrellas brillantes juntas","汉字文化圈术语：ja/ko 保留汉字原词、vi 用汉越词、th 音译、es 西语意译（首见处附拼音），待母语复核。","filled"
"tier2:ziwei:geju:mingzuoguige","命坐贵格","mìngzuòguìgé","紫微格局","—","命坐貴格","명좌귀격","mệnh tọa quý cách","ming zuo gui ge","estructura noble en el palacio de la vida","汉字文化圈术语：ja/ko 保留汉字原词、vi 用汉越词、th 音译、es 西语意译（首见处附拼音），待母语复核。","filled"
"tier2:ziwei:geju:shenzuoguige","身坐贵格","shēnzuòguìgé","紫微格局","—","身坐貴格","신좌귀격","thân tọa quý cách","shen zuo gui ge","estructura noble en el palacio del cuerpo","汉字文化圈术语：ja/ko 保留汉字原词、vi 用汉越词、th 音译、es 西语意译（首见处附拼音），待母语复核。","filled"
"tier2:ziwei:star:mingzhuxing","命主星","mìngzhǔxīng","紫微星曜","—","—","명주성","tinh mệnh chủ","ming zhu xing","estrella principal de la vida","汉字文化圈术语：ja/ko 保留汉字原词、vi 用汉越词、th 音译、es 西语意译（首见处附拼音），待母语复核。","filled"
"tier2:ziwei:star:shenzhuxing","身主星","shēnzhǔxīng","紫微星曜","—","—","신주성","tinh thân chủ","shen zhu xing","estrella principal del cuerpo","汉字文化圈术语：ja/ko 保留汉字原词、vi 用汉越词、th 音译、es 西语意译（首见处附拼音），待母语复核。","filled"
"tier2:ziwei:star:ziweidoushumingpan","紫微斗数命盘","zǐwēidòushùmìngpán","紫微星曜","—","紫微斗数命盤","자미두수명판","bản đồ tử vi đẩu số","zi wei dou shu ming pan","carta astral de Zi Wei Dou Shu","汉字文化圈术语：ja/ko 保留汉字原词、vi 用汉越词、th 音译、es 西语意译（首见处附拼音），待母语复核。","filled"
"tier2:ziwei:geju:minggongshengongguanxi","命宫身宫关系","mìnggōngshēngōngguānxì","紫微格局","—","命宮身宮関係","명궁신궁관계","quan hệ cung mệnh cung thân","ming gong shen gong guan xi","relación entre el palacio de la vida y el palacio del cuerpo","汉字文化圈术语：ja/ko 保留汉字原词、vi 用汉越词、th 音译、es 西语意译（首见处附拼音），待母语复核。","filled"
"tier2:ziwei:geju:sanfangsizhenghuizhao","三方四正会照","sānfāngsìzhènghuìzhào","紫微格局","—","—","삼방사정회조","—","san fang si zheng hui zhao","encuentro e iluminación de los tres lados y los cuatro principales","汉字文化圈术语：ja/ko 保留汉字原词、vi 用汉越词、th 音译、es 西语意译（首见处附拼音），待母语复核。","filled"
"tier2:ziwei:geju:ziweizaiwu","紫微在午","zǐwēizàiwǔ","紫微格局","—","—","자미재오","tử vi tại ngọ","zi wei zai wu","Zi Wei en Wu","汉字文化圈术语：ja/ko 保留汉字原词、vi 用汉越词、th 音译、es 西语意译（首见处附拼音），待母语复核。","filled"
"liuyao:liuqin:xiong_di","兄弟","","__补充未入lexicon__","Siblings","兄弟","형제","Huynh Đệ","เซียงตี้","Hermanos","同 tier1 依据；缺 pinyin 待补","filled"
"bazi:zodiac:tu","兔","","__补充未入lexicon__","Rabbit","兎","토끼","Mèo","เถาะ","Conejo","同 tier1 依据；缺 pinyin 待补","filled"
"liuyao:liuqin:qi_cai","妻财","","__补充未入lexicon__","Spouse & Wealth","妻財","처재","Thê Tài","ชายไฉ่","Cónyuge y Riqueza","同 tier1 依据；缺 pinyin 待补","filled"
"liuyao:liuqin:zi_sun","子孙","","__补充未入lexicon__","Descendants","子孫","자손","Tử Tôn","จื้อซุน","Descendientes","同 tier1 依据；缺 pinyin 待补","filled"
"liuyao:liuqin:guan_gui","官鬼","","__补充未入lexicon__","Officer & Ghost","官鬼","관귀","Quan Quỷ","กวนกุ่ย","Oficial y Fantasma","同 tier1 依据；缺 pinyin 待补","filled"
"common:term:ben_ming","本命","","__补充未入lexicon__","Natal","本命","본명","Bản Mệnh","เบิ้นมิ้ง","Natal","同 tier1 依据；缺 pinyin 待补","filled"
"liuyao:liuqin:fu_mu","父母","","__补充未入lexicon__","Parents","父母","부모","Phụ Mẫu","ฟู่หมู่","Padres","同 tier1 依据；缺 pinyin 待补","filled"
"bazi:zodiac:niu","牛","","__补充未入lexicon__","Ox","牛","소","Trâu","ฉลู","Buey","同 tier1 依据；缺 pinyin 待补","filled"
"bazi:zodiac:gou","狗","","__补充未入lexicon__","Dog","犬","개","Chó","จอ","Perro","同 tier1 依据；缺 pinyin 待补","filled"
"bazi:zodiac:zhu","猪","","__补充未入lexicon__","Pig","豬","돼지","Lợn","กุน","Cerdo","同 tier1 依据；缺 pinyin 待补","filled"
"bazi:zodiac:hou","猴","","__补充未入lexicon__","Monkey","猿","원숭이","Khỉ","วอก","Mono","同 tier1 依据；缺 pinyin 待补","filled"
"bazi:shensha:lu_shen","禄神","","__补充未入lexicon__","Prosperity Star","祿神","녹신","Lộc Thần","ลู่เหริน","Estrella de la prosperidad","同 tier1 依据；缺 pinyin 待补","filled"
"bazi:zodiac:yang","羊","","__补充未入lexicon__","Goat","羊","양","Dê","มะแม","Cabra","同 tier1 依据；缺 pinyin 待补","filled"
"bazi:zodiac:hu","虎","","__补充未入lexicon__","Tiger","虎","호랑이","Hổ","ขาล","Tigre","同 tier1 依据；缺 pinyin 待补","filled"
"bazi:zodiac:she","蛇","","__补充未入lexicon__","Snake","蛇","뱀","Rắn","มะเส็ง","Serpiente","同 tier1 依据；缺 pinyin 待补","filled"
"common:yinyang:yang","阳","","__补充未入lexicon__","Yang","陽","양","Dương","หยาง","Yang","同 tier1 依据；缺 pinyin 待补","filled"
"common:yinyang:yin","阴","","__补充未入lexicon__","Yin","陰","음","Âm","หยิน","Yin","同 tier1 依据；缺 pinyin 待补","filled"
"bazi:zodiac:ma","马","","__补充未入lexicon__","Horse","馬","말","Ngựa","มะเมีย","Caballo","同 tier1 依据；缺 pinyin 待补","filled"
"bazi:zodiac:ji","鸡","","__补充未入lexicon__","Rooster","鶏","닭","Gà","ระกา","Gallo","同 tier1 依据；缺 pinyin 待补","filled"
"bazi:zodiac:shu","鼠","","__补充未入lexicon__","Rat","鼠","쥐","Chuột","ชวด","Rata","同 tier1 依据；缺 pinyin 待补","filled"
"bazi:zodiac:long","龙","","__补充未入lexicon__","Dragon","龍","용","Rồng","มะโรง","Dragón","同 tier1 依据；缺 pinyin 待补","filled"
